# ************************************************************
# Sequel Ace SQL dump
# Версия 20033
#
# https://sequel-ace.com/
# https://github.com/Sequel-Ace/Sequel-Ace
#
# Хост: localhost (MySQL 8.0.30)
# База данных: bestchange
# Время формирования: 2022-10-06 12:26:27 +0000
# ************************************************************


/*!40101 SET @OLD_CHARACTER_SET_CLIENT=@@CHARACTER_SET_CLIENT */;
/*!40101 SET @OLD_CHARACTER_SET_RESULTS=@@CHARACTER_SET_RESULTS */;
/*!40101 SET @OLD_COLLATION_CONNECTION=@@COLLATION_CONNECTION */;
SET NAMES utf8mb4;
/*!40014 SET @OLD_FOREIGN_KEY_CHECKS=@@FOREIGN_KEY_CHECKS, FOREIGN_KEY_CHECKS=0 */;
/*!40101 SET @OLD_SQL_MODE='NO_AUTO_VALUE_ON_ZERO', SQL_MODE='NO_AUTO_VALUE_ON_ZERO' */;
/*!40111 SET @OLD_SQL_NOTES=@@SQL_NOTES, SQL_NOTES=0 */;


# Дамп таблицы currencies
# ------------------------------------------------------------

DROP TABLE IF EXISTS `currencies`;

CREATE TABLE `currencies` (
  `id` bigint unsigned NOT NULL AUTO_INCREMENT,
  `name` varchar(200) COLLATE utf8mb4_unicode_ci NOT NULL,
  `short_name` varchar(20) COLLATE utf8mb4_unicode_ci NOT NULL,
  `color_code` varchar(7) COLLATE utf8mb4_unicode_ci NOT NULL,
  `created_at` timestamp NULL DEFAULT NULL,
  `updated_at` timestamp NULL DEFAULT NULL,
  PRIMARY KEY (`id`)
) ENGINE=InnoDB AUTO_INCREMENT=95 DEFAULT CHARSET=utf8mb4 COLLATE=utf8mb4_unicode_ci;

LOCK TABLES `currencies` WRITE;
/*!40000 ALTER TABLE `currencies` DISABLE KEYS */;

INSERT INTO `currencies` (`id`, `name`, `short_name`, `color_code`, `created_at`, `updated_at`)
VALUES
	(1,'Bitcoin SV','BCV','#B454FF','2022-10-06 12:19:58','2022-10-06 12:19:58'),
	(2,'Bitcoin LN','BTC','#78B2DD','2022-10-06 12:19:58','2022-10-06 12:19:58'),
	(3,'Wrapped BTC','WBTC','#00E1C6','2022-10-06 12:19:58','2022-10-06 12:19:58'),
	(4,'Litecoin','LTC','#FD9800','2022-10-06 12:19:58','2022-10-06 12:19:58'),
	(5,'Dogecoin','DOGE','#FF6954','2022-10-06 12:19:58','2022-10-06 12:19:58'),
	(6,'Bitcoin LN','BTC','#B454FF','2022-10-06 12:19:58','2022-10-06 12:19:58'),
	(7,'Bitcoin BEP20','BTCB','#00E1C6','2022-10-06 12:19:58','2022-10-06 12:19:58'),
	(8,'Ripple','XRP','#E79D20','2022-10-06 12:19:58','2022-10-06 12:19:58'),
	(9,'Bitcoin Cash','BCH','#01677E','2022-10-06 12:19:58','2022-10-06 12:19:58'),
	(10,'Bitcoin Gold','BTG','#CCA816','2022-10-06 12:19:58','2022-10-06 12:19:58'),
	(11,'Ethereum','ETH','#753313','2022-10-06 12:19:58','2022-10-06 12:19:58'),
	(12,'Wrapped ETH','WETH','#006B3D','2022-10-06 12:19:58','2022-10-06 12:19:58'),
	(13,'Ether Classic','ETC','#F6768D','2022-10-06 12:19:58','2022-10-06 12:19:58'),
	(14,'Monero','XMR','#01538B','2022-10-06 12:19:58','2022-10-06 12:19:58'),
	(15,'Polygon','MATIC','#698D21','2022-10-06 12:19:58','2022-10-06 12:19:58'),
	(16,'Dash','DASH','#FFA443','2022-10-06 12:19:58','2022-10-06 12:19:58'),
	(17,'Zcash','ZEC','#9DB1CC','2022-10-06 12:19:58','2022-10-06 12:19:58'),
	(18,'Tether Omni','USDT','#AF2B1E','2022-10-06 12:19:58','2022-10-06 12:19:58'),
	(19,'TrueUSD','TUSD','#46CFA1','2022-10-06 12:19:58','2022-10-06 12:19:58'),
	(20,'Pax Dollar','USDP','#B57381','2022-10-06 12:19:58','2022-10-06 12:19:58'),
	(21,'Dai','DAI','#A03472','2022-10-06 12:19:58','2022-10-06 12:19:58'),
	(22,'Binance USD','BUSD','#DA70D6','2022-10-06 12:19:58','2022-10-06 12:19:58'),
	(23,'NEM','XEM','#AEA04A','2022-10-06 12:19:58','2022-10-06 12:19:58'),
	(24,'NEO','NEO','#49678D','2022-10-06 12:19:58','2022-10-06 12:19:58'),
	(25,'EOS','EOS','#FE2B2A','2022-10-06 12:19:58','2022-10-06 12:19:58'),
	(26,'IOTA','MIOTA','#D95F2B','2022-10-06 12:19:58','2022-10-06 12:19:58'),
	(27,'Cardano','ADA','#6D245B','2022-10-06 12:19:58','2022-10-06 12:19:58'),
	(28,'Stellar','XLM','#314357','2022-10-06 12:19:58','2022-10-06 12:19:58'),
	(29,'TRON','TRX','#61AD89','2022-10-06 12:19:58','2022-10-06 12:19:58'),
	(30,'Waves','WAVES','#E636AB','2022-10-06 12:19:58','2022-10-06 12:19:58'),
	(31,'OMG Network','OMG','#5062AC','2022-10-06 12:19:58','2022-10-06 12:19:58'),
	(32,'Verge','XVG','#C2D932','2022-10-06 12:19:58','2022-10-06 12:19:58'),
	(33,'0x','ZRX','#1BB474','2022-10-06 12:19:58','2022-10-06 12:19:58'),
	(34,'BinanceCoin BEP2','BNB','#C92051','2022-10-06 12:19:58','2022-10-06 12:19:58'),
	(35,'ICON','ICX','#820180','2022-10-06 12:19:58','2022-10-06 12:19:58'),
	(36,'Komodo','KMD','#7F9DD1','2022-10-06 12:19:58','2022-10-06 12:19:58'),
	(37,'BitTorrent','BTT','#723F3F','2022-10-06 12:19:58','2022-10-06 12:19:58'),
	(38,'BAT','BAT','#483D8C','2022-10-06 12:19:58','2022-10-06 12:19:58'),
	(39,'Ontology','ONT','#5ECBE3','2022-10-06 12:19:58','2022-10-06 12:19:58'),
	(40,'Qtum','QTUM','#F2654A','2022-10-06 12:19:58','2022-10-06 12:19:58'),
	(41,'Chainlink','LINK','#73C267','2022-10-06 12:19:58','2022-10-06 12:19:58'),
	(42,'Cosmos','ATOM','#C13327','2022-10-06 12:19:58','2022-10-06 12:19:58'),
	(43,'Tezos','XTZ','#1EA086','2022-10-06 12:19:58','2022-10-06 12:19:58'),
	(44,'Polkadot','DOT','#BA56D4','2022-10-06 12:19:58','2022-10-06 12:19:58'),
	(45,'Uniswap','UNI','#0000D1','2022-10-06 12:19:58','2022-10-06 12:19:58'),
	(46,'Ravencoin','RVN','#02E600','2022-10-06 12:19:58','2022-10-06 12:19:58'),
	(47,'Solana','SOL','#AA4D00','2022-10-06 12:19:58','2022-10-06 12:19:58'),
	(48,'VeChain','VET','#EEDF2A','2022-10-06 12:19:58','2022-10-06 12:19:58'),
	(49,'Shiba ERC20','SHIB','#704F64','2022-10-06 12:19:58','2022-10-06 12:19:58'),
	(50,'Algorand','ALGO','#037387','2022-10-06 12:19:58','2022-10-06 12:19:58'),
	(51,'Maker','MKR','#036CD3','2022-10-06 12:19:58','2022-10-06 12:19:58'),
	(52,'Avalanche','AVAX','#C84AA8','2022-10-06 12:19:58','2022-10-06 12:19:58'),
	(53,'VeChain','VET','#05A699','2022-10-06 12:19:58','2022-10-06 12:19:58'),
	(54,'Yearn.finance','YFI','#E44A44','2022-10-06 12:19:58','2022-10-06 12:19:58'),
	(55,'Decentraland','MANA','#9574C7','2022-10-06 12:19:58','2022-10-06 12:19:58'),
	(56,'Terra','LUNA','#AA678B','2022-10-06 12:19:58','2022-10-06 12:19:58'),
	(57,'NEAR Protocol','NEAR','#7DA3E4','2022-10-06 12:19:58','2022-10-06 12:19:58'),
	(58,'Cronos','CRO','#E95623','2022-10-06 12:19:58','2022-10-06 12:19:58'),
	(59,'Toncoin','TON','#913C5F','2022-10-06 12:19:58','2022-10-06 12:19:58'),
	(60,'Visa/MasterCard','UAH','#F3B93E','2022-10-06 12:19:58','2022-10-06 12:19:58'),
	(61,'Visa/MasterCard','RUB','#6C6F02','2022-10-06 12:19:58','2022-10-06 12:19:58'),
	(62,'Visa/MasterCard','USD','#5C299D','2022-10-06 12:19:58','2022-10-06 12:19:58'),
	(63,'Visa/MasterCard','GBR','#C376FF','2022-10-06 12:19:58','2022-10-06 12:19:58'),
	(64,'Visa/MasterCard','CNY','#409C8C','2022-10-06 12:19:58','2022-10-06 12:19:58'),
	(65,'Visa/MasterCard','SEK','#266C26','2022-10-06 12:19:58','2022-10-06 12:19:58'),
	(66,'Visa/MasterCard','PLN','#CC2E12','2022-10-06 12:19:58','2022-10-06 12:19:58'),
	(67,'Visa/MasterCard','MDL','#A60916','2022-10-06 12:19:58','2022-10-06 12:19:58'),
	(68,'Visa/MasterCard','TRY','#0034B9','2022-10-06 12:19:58','2022-10-06 12:19:58'),
	(69,'Visa/MasterCard','BYN','#8F33C7','2022-10-06 12:19:58','2022-10-06 12:19:58'),
	(70,'Visa/MasterCard','KZT','#E98C00','2022-10-06 12:19:58','2022-10-06 12:19:58'),
	(71,'Visa/MasterCard','AMD','#93C52B','2022-10-06 12:19:58','2022-10-06 12:19:58'),
	(72,'Visa/MasterCard','KGS','#A0197A','2022-10-06 12:19:58','2022-10-06 12:19:58'),
	(73,'Visa/MasterCard','CAD','#DB3434','2022-10-06 12:19:58','2022-10-06 12:19:58'),
	(74,'Visa/MasterCard','BGN','#171717','2022-10-06 12:19:58','2022-10-06 12:19:58'),
	(75,'Visa/MasterCard','HUF','#580082','2022-10-06 12:19:58','2022-10-06 12:19:58'),
	(76,'Visa/MasterCard','CZK','#1A4340','2022-10-06 12:19:58','2022-10-06 12:19:58'),
	(77,'Visa/MasterCard','NOK','#B5BA99','2022-10-06 12:19:58','2022-10-06 12:19:58'),
	(78,'Visa/MasterCard','AZN','#4C5796','2022-10-06 12:19:58','2022-10-06 12:19:58'),
	(79,'Visa/MasterCard','GEL','#4FC99D','2022-10-06 12:19:58','2022-10-06 12:19:58'),
	(80,'Visa/MasterCard','UZS','#BEAE19','2022-10-06 12:19:58','2022-10-06 12:19:58'),
	(81,'Visa/MasterCard','TJS','#AF49D2','2022-10-06 12:19:58','2022-10-06 12:19:58'),
	(82,'UnionPay Card','CNY','#4598D5','2022-10-06 12:19:58','2022-10-06 12:19:58'),
	(83,'Bank transfer','BYN','#BEC5E8','2022-10-06 12:19:58','2022-10-06 12:19:58'),
	(84,'Bank transfer','PLN','#FF8A58','2022-10-06 12:19:58','2022-10-06 12:19:58'),
	(85,'Bank transfer','THB','#006AE7','2022-10-06 12:19:58','2022-10-06 12:19:58'),
	(86,'Bank transfer','INR','#75DA97','2022-10-06 12:19:58','2022-10-06 12:19:58'),
	(87,'Bank transfer','NGN','#B59494','2022-10-06 12:19:58','2022-10-06 12:19:58'),
	(88,'Bank transfer','IDR','#4200FF','2022-10-06 12:19:58','2022-10-06 12:19:58'),
	(89,'Bank transfer','BGN','#0B5100','2022-10-06 12:19:58','2022-10-06 12:19:58'),
	(90,'Bank transfer','AED','#AE2A00','2022-10-06 12:19:58','2022-10-06 12:19:58'),
	(91,'Bank transfer','JPY','#A100C9','2022-10-06 12:19:58','2022-10-06 12:19:58'),
	(92,'Bank transfer','HKD','#2E9F54','2022-10-06 12:19:58','2022-10-06 12:19:58'),
	(93,'Cash','ILS','#7E50DE','2022-10-06 12:19:58','2022-10-06 12:19:58'),
	(94,'Cash','COP','#115B85','2022-10-06 12:19:58','2022-10-06 12:19:58');

/*!40000 ALTER TABLE `currencies` ENABLE KEYS */;
UNLOCK TABLES;


# Дамп таблицы data_rows
# ------------------------------------------------------------

DROP TABLE IF EXISTS `data_rows`;

CREATE TABLE `data_rows` (
  `id` int unsigned NOT NULL AUTO_INCREMENT,
  `data_type_id` int unsigned NOT NULL,
  `field` varchar(255) COLLATE utf8mb4_unicode_ci NOT NULL,
  `type` varchar(255) COLLATE utf8mb4_unicode_ci NOT NULL,
  `display_name` varchar(255) COLLATE utf8mb4_unicode_ci NOT NULL,
  `required` tinyint(1) NOT NULL DEFAULT '0',
  `browse` tinyint(1) NOT NULL DEFAULT '1',
  `read` tinyint(1) NOT NULL DEFAULT '1',
  `edit` tinyint(1) NOT NULL DEFAULT '1',
  `add` tinyint(1) NOT NULL DEFAULT '1',
  `delete` tinyint(1) NOT NULL DEFAULT '1',
  `details` text COLLATE utf8mb4_unicode_ci,
  `order` int NOT NULL DEFAULT '1',
  PRIMARY KEY (`id`),
  KEY `data_rows_data_type_id_foreign` (`data_type_id`),
  CONSTRAINT `data_rows_data_type_id_foreign` FOREIGN KEY (`data_type_id`) REFERENCES `data_types` (`id`) ON DELETE CASCADE ON UPDATE CASCADE
) ENGINE=InnoDB AUTO_INCREMENT=56 DEFAULT CHARSET=utf8mb4 COLLATE=utf8mb4_unicode_ci;

LOCK TABLES `data_rows` WRITE;
/*!40000 ALTER TABLE `data_rows` DISABLE KEYS */;

INSERT INTO `data_rows` (`id`, `data_type_id`, `field`, `type`, `display_name`, `required`, `browse`, `read`, `edit`, `add`, `delete`, `details`, `order`)
VALUES
	(1,1,'id','number','ID',1,0,0,0,0,0,NULL,1),
	(2,1,'name','text','Name',1,1,1,1,1,1,NULL,2),
	(3,1,'email','text','Email',1,1,1,1,1,1,NULL,3),
	(4,1,'password','password','Password',1,0,0,1,1,0,NULL,4),
	(5,1,'remember_token','text','Remember Token',0,0,0,0,0,0,NULL,5),
	(6,1,'created_at','timestamp','Created At',0,1,1,0,0,0,NULL,6),
	(7,1,'updated_at','timestamp','Updated At',0,0,0,0,0,0,NULL,7),
	(8,1,'avatar','image','Avatar',0,1,1,1,1,1,NULL,8),
	(9,1,'user_belongsto_role_relationship','relationship','Role',0,1,1,1,1,0,'{\"model\":\"TCG\\\\Voyager\\\\Models\\\\Role\",\"table\":\"roles\",\"type\":\"belongsTo\",\"column\":\"role_id\",\"key\":\"id\",\"label\":\"display_name\",\"pivot_table\":\"roles\",\"pivot\":0}',10),
	(10,1,'user_belongstomany_role_relationship','relationship','voyager::seeders.data_rows.roles',0,1,1,1,1,0,'{\"model\":\"TCG\\\\Voyager\\\\Models\\\\Role\",\"table\":\"roles\",\"type\":\"belongsToMany\",\"column\":\"id\",\"key\":\"id\",\"label\":\"display_name\",\"pivot_table\":\"user_roles\",\"pivot\":\"1\",\"taggable\":\"0\"}',11),
	(11,1,'settings','hidden','Settings',0,0,0,0,0,0,NULL,12),
	(12,2,'id','number','ID',1,0,0,0,0,0,NULL,1),
	(13,2,'name','text','Name',1,1,1,1,1,1,NULL,2),
	(14,2,'created_at','timestamp','Created At',0,0,0,0,0,0,NULL,3),
	(15,2,'updated_at','timestamp','Updated At',0,0,0,0,0,0,NULL,4),
	(16,3,'id','number','ID',1,0,0,0,0,0,NULL,1),
	(17,3,'name','text','Name',1,1,1,1,1,1,NULL,2),
	(18,3,'created_at','timestamp','Created At',0,0,0,0,0,0,NULL,3),
	(19,3,'updated_at','timestamp','Updated At',0,0,0,0,0,0,NULL,4),
	(20,3,'display_name','text','Display Name',1,1,1,1,1,1,NULL,5),
	(21,1,'role_id','text','Role',1,1,1,1,1,1,NULL,9),
	(22,6,'id','text','Id',1,0,0,0,0,0,'{}',1),
	(23,6,'name','text','Название',1,1,1,1,1,1,'{}',2),
	(24,6,'short_name','text','Сокращенное имя',1,1,1,1,1,1,'{}',3),
	(25,6,'color_code','text','Код цвет',1,1,1,1,1,1,'{}',4),
	(26,6,'created_at','timestamp','Дата',0,0,0,0,0,0,'{}',5),
	(27,6,'updated_at','timestamp','Updated At',0,0,0,0,0,0,'{}',6),
	(28,8,'id','text','Id',1,0,0,0,0,0,'{}',1),
	(29,8,'rate','text','Рейтинг',1,1,1,1,1,1,'{}',2),
	(30,8,'from_currency_id','select_dropdown','С этой валюты',1,0,0,1,1,1,'{\"relationship\":{\"key\":\"id\",\"label\":\"name\"}}',3),
	(31,8,'to_currency_id','select_dropdown','В эту валюту',1,0,0,1,1,1,'{\"relationship\":{\"key\":\"id\",\"label\":\"name\"}}',4),
	(32,8,'exchanger_id','select_dropdown','Обменник',1,0,0,1,1,1,'{\"relationship\":{\"key\":\"id\",\"label\":\"name\"}}',5),
	(33,8,'type','select_dropdown','Тип',1,1,1,1,1,1,'{\"options\":{\"1\":\"Top\",\"2\":\"Digital\",\"3\":\"Bank\"}}',6),
	(34,8,'created_at','timestamp','Дата создания',0,1,0,0,0,0,'{}',7),
	(35,8,'updated_at','timestamp','Updated At',0,0,0,0,0,0,'{}',8),
	(36,9,'id','text','Id',1,0,0,0,0,0,'{}',1),
	(37,9,'name','text','Название',1,1,1,1,1,1,'{}',2),
	(38,9,'url','text','Ссылка',1,1,1,1,1,1,'{}',3),
	(39,9,'created_at','timestamp','Дата создания',0,1,0,0,0,0,'{}',4),
	(40,9,'updated_at','timestamp','Updated At',0,0,0,0,0,0,'{}',5),
	(41,10,'id','text','Id',1,0,0,0,0,0,'{}',1),
	(42,10,'direction_id','select_dropdown','Направление',1,0,0,1,1,1,'{\"relationship\":{\"key\":\"id\",\"label\":\"rate\"}}',2),
	(43,10,'rate','text','Рейтинг',1,1,1,1,1,1,'{}',3),
	(44,10,'created_at','timestamp','Дата создания',0,1,0,0,0,0,'{}',4),
	(45,10,'updated_at','timestamp','Updated At',0,0,0,0,0,0,'{}',5),
	(46,11,'id','text','Id',1,0,0,0,0,0,'{}',1),
	(47,11,'created_at','timestamp','Дата создания',0,1,0,0,0,0,'{}',2),
	(48,11,'updated_at','timestamp','Updated At',0,0,0,0,0,0,'{}',3),
	(49,11,'name','text','Название',0,1,1,1,1,1,'{}',4),
	(50,11,'rate','text','Рейтинг',0,1,1,1,1,1,'{}',5),
	(51,11,'text','text','Описание',0,1,1,1,1,1,'{}',6),
	(52,8,'direction_belongsto_currency_relationship','relationship','С этой валюты',0,1,1,0,0,0,'{\"model\":\"App\\\\Models\\\\Currency\",\"table\":\"currencies\",\"type\":\"belongsTo\",\"column\":\"from_currency_id\",\"key\":\"id\",\"label\":\"name\",\"pivot_table\":\"currencies\",\"pivot\":\"0\",\"taggable\":\"0\"}',9),
	(53,8,'direction_belongsto_currency_relationship_1','relationship','В эту валюту',0,1,1,0,0,0,'{\"model\":\"App\\\\Models\\\\Currency\",\"table\":\"currencies\",\"type\":\"belongsTo\",\"column\":\"to_currency_id\",\"key\":\"id\",\"label\":\"name\",\"pivot_table\":\"currencies\",\"pivot\":\"0\",\"taggable\":\"0\"}',10),
	(54,8,'direction_belongsto_exchanger_relationship','relationship','Обменник',0,1,1,0,0,0,'{\"model\":\"App\\\\Models\\\\Exchanger\",\"table\":\"exchangers\",\"type\":\"belongsTo\",\"column\":\"exchanger_id\",\"key\":\"id\",\"label\":\"name\",\"pivot_table\":\"currencies\",\"pivot\":\"0\",\"taggable\":\"0\"}',11),
	(55,10,'rate_belongsto_direction_relationship','relationship','Направление',0,1,1,0,0,0,'{\"model\":\"App\\\\Models\\\\Direction\",\"table\":\"directions\",\"type\":\"belongsTo\",\"column\":\"direction_id\",\"key\":\"id\",\"label\":\"rate\",\"pivot_table\":\"currencies\",\"pivot\":\"0\",\"taggable\":\"0\"}',6);

/*!40000 ALTER TABLE `data_rows` ENABLE KEYS */;
UNLOCK TABLES;


# Дамп таблицы data_types
# ------------------------------------------------------------

DROP TABLE IF EXISTS `data_types`;

CREATE TABLE `data_types` (
  `id` int unsigned NOT NULL AUTO_INCREMENT,
  `name` varchar(255) COLLATE utf8mb4_unicode_ci NOT NULL,
  `slug` varchar(255) COLLATE utf8mb4_unicode_ci NOT NULL,
  `display_name_singular` varchar(255) COLLATE utf8mb4_unicode_ci NOT NULL,
  `display_name_plural` varchar(255) COLLATE utf8mb4_unicode_ci NOT NULL,
  `icon` varchar(255) COLLATE utf8mb4_unicode_ci DEFAULT NULL,
  `model_name` varchar(255) COLLATE utf8mb4_unicode_ci DEFAULT NULL,
  `policy_name` varchar(255) COLLATE utf8mb4_unicode_ci DEFAULT NULL,
  `controller` varchar(255) COLLATE utf8mb4_unicode_ci DEFAULT NULL,
  `description` varchar(255) COLLATE utf8mb4_unicode_ci DEFAULT NULL,
  `generate_permissions` tinyint(1) NOT NULL DEFAULT '0',
  `server_side` tinyint NOT NULL DEFAULT '0',
  `details` text COLLATE utf8mb4_unicode_ci,
  `created_at` timestamp NULL DEFAULT NULL,
  `updated_at` timestamp NULL DEFAULT NULL,
  PRIMARY KEY (`id`),
  UNIQUE KEY `data_types_name_unique` (`name`),
  UNIQUE KEY `data_types_slug_unique` (`slug`)
) ENGINE=InnoDB AUTO_INCREMENT=12 DEFAULT CHARSET=utf8mb4 COLLATE=utf8mb4_unicode_ci;

LOCK TABLES `data_types` WRITE;
/*!40000 ALTER TABLE `data_types` DISABLE KEYS */;

INSERT INTO `data_types` (`id`, `name`, `slug`, `display_name_singular`, `display_name_plural`, `icon`, `model_name`, `policy_name`, `controller`, `description`, `generate_permissions`, `server_side`, `details`, `created_at`, `updated_at`)
VALUES
	(1,'users','users','User','Users','voyager-person','TCG\\Voyager\\Models\\User','TCG\\Voyager\\Policies\\UserPolicy','TCG\\Voyager\\Http\\Controllers\\VoyagerUserController','',1,0,NULL,'2022-10-06 11:49:03','2022-10-06 11:49:03'),
	(2,'menus','menus','Menu','Menus','voyager-list','TCG\\Voyager\\Models\\Menu',NULL,'','',1,0,NULL,'2022-10-06 11:49:03','2022-10-06 11:49:03'),
	(3,'roles','roles','Role','Roles','voyager-lock','TCG\\Voyager\\Models\\Role',NULL,'TCG\\Voyager\\Http\\Controllers\\VoyagerRoleController','',1,0,NULL,'2022-10-06 11:49:03','2022-10-06 11:49:03'),
	(6,'currencies','currencies','Валюта','Валюты',NULL,'App\\Models\\Currency',NULL,NULL,NULL,1,1,'{\"order_column\":null,\"order_display_column\":null,\"order_direction\":\"asc\",\"default_search_key\":null,\"scope\":null}','2022-10-06 11:53:38','2022-10-06 12:21:42'),
	(8,'directions','directions','Направление','Направления',NULL,'App\\Models\\Direction',NULL,NULL,NULL,1,1,'{\"order_column\":null,\"order_display_column\":null,\"order_direction\":\"asc\",\"default_search_key\":null,\"scope\":null}','2022-10-06 11:58:16','2022-10-06 12:24:26'),
	(9,'exchangers','exchangers','Обменник','Обменники',NULL,'App\\Models\\Exchanger',NULL,NULL,NULL,1,0,'{\"order_column\":null,\"order_display_column\":null,\"order_direction\":\"asc\",\"default_search_key\":null}','2022-10-06 11:59:24','2022-10-06 11:59:24'),
	(10,'rates','rates','Оценка','Оценки',NULL,'App\\Models\\Rate',NULL,NULL,NULL,1,0,'{\"order_column\":null,\"order_display_column\":null,\"order_direction\":\"asc\",\"default_search_key\":null,\"scope\":null}','2022-10-06 12:00:35','2022-10-06 12:25:26'),
	(11,'reviews','reviews','Отзыв','Отзывы',NULL,'App\\Review',NULL,NULL,NULL,1,0,'{\"order_column\":null,\"order_display_column\":null,\"order_direction\":\"asc\",\"default_search_key\":null}','2022-10-06 12:07:53','2022-10-06 12:07:53');

/*!40000 ALTER TABLE `data_types` ENABLE KEYS */;
UNLOCK TABLES;


# Дамп таблицы directions
# ------------------------------------------------------------

DROP TABLE IF EXISTS `directions`;

CREATE TABLE `directions` (
  `id` bigint unsigned NOT NULL AUTO_INCREMENT,
  `rate` double(8,4) NOT NULL DEFAULT '0.0000',
  `from_currency_id` int NOT NULL,
  `to_currency_id` int NOT NULL,
  `exchanger_id` int NOT NULL,
  `type` int NOT NULL,
  `created_at` timestamp NULL DEFAULT NULL,
  `updated_at` timestamp NULL DEFAULT NULL,
  PRIMARY KEY (`id`),
  KEY `directions_from_currency_id_index` (`from_currency_id`),
  KEY `directions_to_currency_id_index` (`to_currency_id`),
  KEY `directions_exchanger_id_index` (`exchanger_id`)
) ENGINE=InnoDB AUTO_INCREMENT=502 DEFAULT CHARSET=utf8mb4 COLLATE=utf8mb4_unicode_ci;

LOCK TABLES `directions` WRITE;
/*!40000 ALTER TABLE `directions` DISABLE KEYS */;

INSERT INTO `directions` (`id`, `rate`, `from_currency_id`, `to_currency_id`, `exchanger_id`, `type`, `created_at`, `updated_at`)
VALUES
	(1,0.0000,8,46,1,3,'2022-10-06 12:19:58','2022-10-06 12:19:58'),
	(2,0.0000,36,77,1,2,'2022-10-06 12:19:58','2022-10-06 12:19:58'),
	(3,0.0000,28,80,1,3,'2022-10-06 12:19:58','2022-10-06 12:19:58'),
	(4,0.0000,57,15,1,2,'2022-10-06 12:19:58','2022-10-06 12:19:58'),
	(5,0.0000,26,8,1,1,'2022-10-06 12:19:58','2022-10-06 12:19:58'),
	(6,0.0000,57,59,1,3,'2022-10-06 12:19:58','2022-10-06 12:19:58'),
	(7,0.0000,18,69,1,1,'2022-10-06 12:19:58','2022-10-06 12:19:58'),
	(8,0.0000,63,84,1,1,'2022-10-06 12:19:58','2022-10-06 12:19:58'),
	(9,0.0000,48,86,1,2,'2022-10-06 12:19:58','2022-10-06 12:19:58'),
	(10,0.0000,24,5,1,2,'2022-10-06 12:19:58','2022-10-06 12:19:58'),
	(11,0.0000,68,36,1,1,'2022-10-06 12:19:58','2022-10-06 12:19:58'),
	(12,0.0000,24,35,1,1,'2022-10-06 12:19:58','2022-10-06 12:19:58'),
	(13,0.0000,52,76,1,1,'2022-10-06 12:19:58','2022-10-06 12:19:58'),
	(14,0.0000,59,69,1,1,'2022-10-06 12:19:58','2022-10-06 12:19:58'),
	(15,0.0000,84,56,1,2,'2022-10-06 12:19:58','2022-10-06 12:19:58'),
	(16,0.0000,1,74,1,3,'2022-10-06 12:19:58','2022-10-06 12:19:58'),
	(17,0.0000,67,62,1,1,'2022-10-06 12:19:58','2022-10-06 12:19:58'),
	(18,0.0000,48,12,1,2,'2022-10-06 12:19:58','2022-10-06 12:19:58'),
	(19,0.0000,84,56,1,2,'2022-10-06 12:19:58','2022-10-06 12:19:58'),
	(20,0.0000,74,62,1,1,'2022-10-06 12:19:58','2022-10-06 12:19:58'),
	(21,0.0000,40,90,1,2,'2022-10-06 12:19:58','2022-10-06 12:19:58'),
	(22,0.0000,51,18,1,1,'2022-10-06 12:19:58','2022-10-06 12:19:58'),
	(23,0.0000,54,34,1,1,'2022-10-06 12:19:58','2022-10-06 12:19:58'),
	(24,0.0000,53,61,1,2,'2022-10-06 12:19:58','2022-10-06 12:19:58'),
	(25,0.0000,38,8,1,2,'2022-10-06 12:19:58','2022-10-06 12:19:58'),
	(26,0.0000,3,34,1,2,'2022-10-06 12:19:58','2022-10-06 12:19:58'),
	(27,0.0000,9,44,1,2,'2022-10-06 12:19:58','2022-10-06 12:19:58'),
	(28,0.0000,72,89,1,1,'2022-10-06 12:19:58','2022-10-06 12:19:58'),
	(29,0.0000,88,77,1,1,'2022-10-06 12:19:58','2022-10-06 12:19:58'),
	(30,0.0000,86,48,1,1,'2022-10-06 12:19:58','2022-10-06 12:19:58'),
	(31,0.0000,90,1,1,3,'2022-10-06 12:19:58','2022-10-06 12:19:58'),
	(32,0.0000,33,78,1,1,'2022-10-06 12:19:58','2022-10-06 12:19:58'),
	(33,0.0000,74,57,1,1,'2022-10-06 12:19:58','2022-10-06 12:19:58'),
	(34,0.0000,9,37,1,2,'2022-10-06 12:19:58','2022-10-06 12:19:58'),
	(35,0.0000,50,29,1,1,'2022-10-06 12:19:58','2022-10-06 12:19:58'),
	(36,0.0000,18,74,1,1,'2022-10-06 12:19:58','2022-10-06 12:19:58'),
	(37,0.0000,32,34,1,2,'2022-10-06 12:19:58','2022-10-06 12:19:58'),
	(38,0.0000,75,76,1,2,'2022-10-06 12:19:58','2022-10-06 12:19:58'),
	(39,0.0000,12,69,1,3,'2022-10-06 12:19:58','2022-10-06 12:19:58'),
	(40,0.0000,15,62,1,1,'2022-10-06 12:19:58','2022-10-06 12:19:58'),
	(41,0.0000,29,59,1,2,'2022-10-06 12:19:58','2022-10-06 12:19:58'),
	(42,0.0000,63,93,1,3,'2022-10-06 12:19:58','2022-10-06 12:19:58'),
	(43,0.0000,35,81,1,1,'2022-10-06 12:19:58','2022-10-06 12:19:58'),
	(44,0.0000,6,39,1,1,'2022-10-06 12:19:58','2022-10-06 12:19:58'),
	(45,0.0000,79,19,1,3,'2022-10-06 12:19:58','2022-10-06 12:19:58'),
	(46,0.0000,23,59,1,3,'2022-10-06 12:19:58','2022-10-06 12:19:58'),
	(47,0.0000,40,75,1,2,'2022-10-06 12:19:58','2022-10-06 12:19:58'),
	(48,0.0000,21,36,1,2,'2022-10-06 12:19:58','2022-10-06 12:19:58'),
	(49,0.0000,41,23,1,3,'2022-10-06 12:19:58','2022-10-06 12:19:58'),
	(50,0.0000,24,81,1,3,'2022-10-06 12:19:58','2022-10-06 12:19:58'),
	(51,0.0000,48,9,1,1,'2022-10-06 12:19:58','2022-10-06 12:19:58'),
	(52,0.0000,33,92,1,3,'2022-10-06 12:19:58','2022-10-06 12:19:58'),
	(53,0.0000,38,26,1,1,'2022-10-06 12:19:58','2022-10-06 12:19:58'),
	(54,0.0000,21,72,1,3,'2022-10-06 12:19:58','2022-10-06 12:19:58'),
	(55,0.0000,29,71,1,2,'2022-10-06 12:19:58','2022-10-06 12:19:58'),
	(56,0.0000,59,65,1,3,'2022-10-06 12:19:58','2022-10-06 12:19:58'),
	(57,0.0000,10,77,1,2,'2022-10-06 12:19:58','2022-10-06 12:19:58'),
	(58,0.0000,14,82,1,2,'2022-10-06 12:19:58','2022-10-06 12:19:58'),
	(59,0.0000,60,43,1,1,'2022-10-06 12:19:58','2022-10-06 12:19:58'),
	(60,0.0000,52,10,1,1,'2022-10-06 12:19:58','2022-10-06 12:19:58'),
	(61,0.0000,44,90,1,2,'2022-10-06 12:19:58','2022-10-06 12:19:58'),
	(62,0.0000,58,42,1,2,'2022-10-06 12:19:58','2022-10-06 12:19:58'),
	(63,0.0000,2,54,1,2,'2022-10-06 12:19:58','2022-10-06 12:19:58'),
	(64,0.0000,81,92,1,2,'2022-10-06 12:19:58','2022-10-06 12:19:58'),
	(65,0.0000,69,92,1,3,'2022-10-06 12:19:58','2022-10-06 12:19:58'),
	(66,0.0000,43,92,1,3,'2022-10-06 12:19:58','2022-10-06 12:19:58'),
	(67,0.0000,50,30,1,2,'2022-10-06 12:19:58','2022-10-06 12:19:58'),
	(68,0.0000,90,60,1,2,'2022-10-06 12:19:58','2022-10-06 12:19:58'),
	(69,0.0000,48,32,1,1,'2022-10-06 12:19:58','2022-10-06 12:19:58'),
	(70,0.0000,52,19,1,2,'2022-10-06 12:19:58','2022-10-06 12:19:58'),
	(71,0.0000,91,4,1,1,'2022-10-06 12:19:58','2022-10-06 12:19:58'),
	(72,0.0000,36,61,1,3,'2022-10-06 12:19:58','2022-10-06 12:19:58'),
	(73,0.0000,72,31,1,1,'2022-10-06 12:19:58','2022-10-06 12:19:58'),
	(74,0.0000,69,62,1,3,'2022-10-06 12:19:58','2022-10-06 12:19:58'),
	(75,0.0000,25,6,1,3,'2022-10-06 12:19:58','2022-10-06 12:19:58'),
	(76,0.0000,41,49,1,2,'2022-10-06 12:19:58','2022-10-06 12:19:58'),
	(77,0.0000,24,49,1,3,'2022-10-06 12:19:58','2022-10-06 12:19:58'),
	(78,0.0000,87,20,1,1,'2022-10-06 12:19:58','2022-10-06 12:19:58'),
	(79,0.0000,93,77,1,2,'2022-10-06 12:19:58','2022-10-06 12:19:58'),
	(80,0.0000,15,61,1,2,'2022-10-06 12:19:58','2022-10-06 12:19:58'),
	(81,0.0000,2,1,1,1,'2022-10-06 12:19:58','2022-10-06 12:19:58'),
	(82,0.0000,21,5,1,3,'2022-10-06 12:19:58','2022-10-06 12:19:58'),
	(83,0.0000,17,35,1,2,'2022-10-06 12:19:58','2022-10-06 12:19:58'),
	(84,0.0000,65,21,1,2,'2022-10-06 12:19:58','2022-10-06 12:19:58'),
	(85,0.0000,6,2,1,2,'2022-10-06 12:19:58','2022-10-06 12:19:58'),
	(86,0.0000,89,2,1,2,'2022-10-06 12:19:58','2022-10-06 12:19:58'),
	(87,0.0000,66,13,1,2,'2022-10-06 12:19:58','2022-10-06 12:19:58'),
	(88,0.0000,51,42,1,1,'2022-10-06 12:19:58','2022-10-06 12:19:58'),
	(89,0.0000,29,44,1,2,'2022-10-06 12:19:58','2022-10-06 12:19:58'),
	(90,0.0000,51,90,1,2,'2022-10-06 12:19:58','2022-10-06 12:19:58'),
	(91,0.0000,25,65,1,2,'2022-10-06 12:19:58','2022-10-06 12:19:58'),
	(92,0.0000,62,52,1,2,'2022-10-06 12:19:58','2022-10-06 12:19:58'),
	(93,0.0000,83,42,1,2,'2022-10-06 12:19:58','2022-10-06 12:19:58'),
	(94,0.0000,39,24,1,3,'2022-10-06 12:19:58','2022-10-06 12:19:58'),
	(95,0.0000,71,50,1,2,'2022-10-06 12:19:58','2022-10-06 12:19:58'),
	(96,0.0000,46,89,1,3,'2022-10-06 12:19:58','2022-10-06 12:19:58'),
	(97,0.0000,6,83,1,2,'2022-10-06 12:19:58','2022-10-06 12:19:58'),
	(98,0.0000,36,7,1,3,'2022-10-06 12:19:58','2022-10-06 12:19:58'),
	(99,0.0000,19,18,1,3,'2022-10-06 12:19:58','2022-10-06 12:19:58'),
	(100,0.0000,11,35,1,3,'2022-10-06 12:19:58','2022-10-06 12:19:58'),
	(101,0.0000,83,10,1,1,'2022-10-06 12:19:58','2022-10-06 12:19:58'),
	(102,0.0000,91,18,1,3,'2022-10-06 12:19:58','2022-10-06 12:19:58'),
	(103,0.0000,88,29,1,3,'2022-10-06 12:19:58','2022-10-06 12:19:58'),
	(104,0.0000,6,35,1,3,'2022-10-06 12:19:58','2022-10-06 12:19:58'),
	(105,0.0000,12,26,1,3,'2022-10-06 12:19:58','2022-10-06 12:19:58'),
	(106,0.0000,92,79,1,3,'2022-10-06 12:19:58','2022-10-06 12:19:58'),
	(107,0.0000,66,49,1,2,'2022-10-06 12:19:58','2022-10-06 12:19:58'),
	(108,0.0000,54,91,1,1,'2022-10-06 12:19:58','2022-10-06 12:19:58'),
	(109,0.0000,3,80,1,2,'2022-10-06 12:19:58','2022-10-06 12:19:58'),
	(110,0.0000,59,23,1,1,'2022-10-06 12:19:58','2022-10-06 12:19:58'),
	(111,0.0000,55,65,1,3,'2022-10-06 12:19:58','2022-10-06 12:19:58'),
	(112,0.0000,9,22,1,3,'2022-10-06 12:19:58','2022-10-06 12:19:58'),
	(113,0.0000,78,24,1,1,'2022-10-06 12:19:58','2022-10-06 12:19:58'),
	(114,0.0000,20,81,1,2,'2022-10-06 12:19:58','2022-10-06 12:19:58'),
	(115,0.0000,78,67,1,1,'2022-10-06 12:19:58','2022-10-06 12:19:58'),
	(116,0.0000,15,8,1,3,'2022-10-06 12:19:58','2022-10-06 12:19:58'),
	(117,0.0000,42,15,1,2,'2022-10-06 12:19:58','2022-10-06 12:19:58'),
	(118,0.0000,56,32,1,3,'2022-10-06 12:19:58','2022-10-06 12:19:58'),
	(119,0.0000,9,46,1,2,'2022-10-06 12:19:58','2022-10-06 12:19:58'),
	(120,0.0000,49,75,1,3,'2022-10-06 12:19:58','2022-10-06 12:19:58'),
	(121,0.0000,44,28,1,2,'2022-10-06 12:19:58','2022-10-06 12:19:58'),
	(122,0.0000,30,18,1,3,'2022-10-06 12:19:58','2022-10-06 12:19:58'),
	(123,0.0000,30,73,1,2,'2022-10-06 12:19:58','2022-10-06 12:19:58'),
	(124,0.0000,76,40,1,2,'2022-10-06 12:19:58','2022-10-06 12:19:58'),
	(125,0.0000,76,48,1,2,'2022-10-06 12:19:58','2022-10-06 12:19:58'),
	(126,0.0000,2,2,1,3,'2022-10-06 12:19:58','2022-10-06 12:19:58'),
	(127,0.0000,35,41,1,1,'2022-10-06 12:19:58','2022-10-06 12:19:58'),
	(128,0.0000,50,60,1,3,'2022-10-06 12:19:58','2022-10-06 12:19:58'),
	(129,0.0000,24,74,1,2,'2022-10-06 12:19:58','2022-10-06 12:19:58'),
	(130,0.0000,52,12,1,2,'2022-10-06 12:19:58','2022-10-06 12:19:58'),
	(131,0.0000,50,46,1,1,'2022-10-06 12:19:58','2022-10-06 12:19:58'),
	(132,0.0000,40,75,1,3,'2022-10-06 12:19:58','2022-10-06 12:19:58'),
	(133,0.0000,94,48,1,2,'2022-10-06 12:19:58','2022-10-06 12:19:58'),
	(134,0.0000,72,67,1,3,'2022-10-06 12:19:58','2022-10-06 12:19:58'),
	(135,0.0000,84,93,1,2,'2022-10-06 12:19:58','2022-10-06 12:19:58'),
	(136,0.0000,50,39,1,1,'2022-10-06 12:19:58','2022-10-06 12:19:58'),
	(137,0.0000,91,9,1,1,'2022-10-06 12:19:58','2022-10-06 12:19:58'),
	(138,0.0000,74,55,1,3,'2022-10-06 12:19:58','2022-10-06 12:19:58'),
	(139,0.0000,54,42,1,1,'2022-10-06 12:19:58','2022-10-06 12:19:58'),
	(140,0.0000,8,40,1,2,'2022-10-06 12:19:58','2022-10-06 12:19:58'),
	(141,0.0000,74,79,1,3,'2022-10-06 12:19:58','2022-10-06 12:19:58'),
	(142,0.0000,78,11,1,2,'2022-10-06 12:19:58','2022-10-06 12:19:58'),
	(143,0.0000,14,19,1,3,'2022-10-06 12:19:58','2022-10-06 12:19:58'),
	(144,0.0000,70,86,1,2,'2022-10-06 12:19:58','2022-10-06 12:19:58'),
	(145,0.0000,62,2,1,1,'2022-10-06 12:19:58','2022-10-06 12:19:58'),
	(146,0.0000,83,94,1,2,'2022-10-06 12:19:58','2022-10-06 12:19:58'),
	(147,0.0000,25,7,1,1,'2022-10-06 12:19:58','2022-10-06 12:19:58'),
	(148,0.0000,37,25,1,3,'2022-10-06 12:19:58','2022-10-06 12:19:58'),
	(149,0.0000,28,51,1,2,'2022-10-06 12:19:58','2022-10-06 12:19:58'),
	(150,0.0000,42,41,1,1,'2022-10-06 12:19:58','2022-10-06 12:19:58'),
	(151,0.0000,50,61,1,2,'2022-10-06 12:19:58','2022-10-06 12:19:58'),
	(152,0.0000,35,88,1,1,'2022-10-06 12:19:58','2022-10-06 12:19:58'),
	(153,0.0000,12,79,1,2,'2022-10-06 12:19:58','2022-10-06 12:19:58'),
	(154,0.0000,66,52,1,1,'2022-10-06 12:19:58','2022-10-06 12:19:58'),
	(155,0.0000,87,85,1,3,'2022-10-06 12:19:58','2022-10-06 12:19:58'),
	(156,0.0000,42,85,1,1,'2022-10-06 12:19:58','2022-10-06 12:19:58'),
	(157,0.0000,65,31,1,1,'2022-10-06 12:19:58','2022-10-06 12:19:58'),
	(158,0.0000,63,94,1,1,'2022-10-06 12:19:58','2022-10-06 12:19:58'),
	(159,0.0000,23,14,1,3,'2022-10-06 12:19:58','2022-10-06 12:19:58'),
	(160,0.0000,35,54,1,1,'2022-10-06 12:19:58','2022-10-06 12:19:58'),
	(161,0.0000,22,34,1,3,'2022-10-06 12:19:58','2022-10-06 12:19:58'),
	(162,0.0000,33,2,1,2,'2022-10-06 12:19:58','2022-10-06 12:19:58'),
	(163,0.0000,20,44,1,2,'2022-10-06 12:19:58','2022-10-06 12:19:58'),
	(164,0.0000,84,77,1,2,'2022-10-06 12:19:58','2022-10-06 12:19:58'),
	(165,0.0000,6,47,1,1,'2022-10-06 12:19:58','2022-10-06 12:19:58'),
	(166,0.0000,38,25,1,2,'2022-10-06 12:19:58','2022-10-06 12:19:58'),
	(167,0.0000,38,49,1,3,'2022-10-06 12:19:58','2022-10-06 12:19:58'),
	(168,0.0000,60,66,1,1,'2022-10-06 12:19:58','2022-10-06 12:19:58'),
	(169,0.0000,4,16,1,3,'2022-10-06 12:19:58','2022-10-06 12:19:58'),
	(170,0.0000,66,78,1,2,'2022-10-06 12:19:58','2022-10-06 12:19:58'),
	(171,0.0000,30,25,1,2,'2022-10-06 12:19:58','2022-10-06 12:19:58'),
	(172,0.0000,28,42,1,3,'2022-10-06 12:19:58','2022-10-06 12:19:58'),
	(173,0.0000,93,85,1,1,'2022-10-06 12:19:58','2022-10-06 12:19:58'),
	(174,0.0000,75,90,1,3,'2022-10-06 12:19:58','2022-10-06 12:19:58'),
	(175,0.0000,84,70,1,3,'2022-10-06 12:19:58','2022-10-06 12:19:58'),
	(176,0.0000,73,39,1,3,'2022-10-06 12:19:58','2022-10-06 12:19:58'),
	(177,0.0000,27,36,1,3,'2022-10-06 12:19:58','2022-10-06 12:19:58'),
	(178,0.0000,16,39,1,1,'2022-10-06 12:19:58','2022-10-06 12:19:58'),
	(179,0.0000,60,34,1,3,'2022-10-06 12:19:58','2022-10-06 12:19:58'),
	(180,0.0000,34,29,1,2,'2022-10-06 12:19:58','2022-10-06 12:19:58'),
	(181,0.0000,44,10,1,2,'2022-10-06 12:19:58','2022-10-06 12:19:58'),
	(182,0.0000,59,14,1,3,'2022-10-06 12:19:58','2022-10-06 12:19:58'),
	(183,0.0000,71,7,1,3,'2022-10-06 12:19:58','2022-10-06 12:19:58'),
	(184,0.0000,35,14,1,3,'2022-10-06 12:19:58','2022-10-06 12:19:58'),
	(185,0.0000,84,27,1,1,'2022-10-06 12:19:58','2022-10-06 12:19:58'),
	(186,0.0000,46,28,1,2,'2022-10-06 12:19:58','2022-10-06 12:19:58'),
	(187,0.0000,66,7,1,2,'2022-10-06 12:19:58','2022-10-06 12:19:58'),
	(188,0.0000,3,15,1,3,'2022-10-06 12:19:58','2022-10-06 12:19:58'),
	(189,0.0000,88,90,1,1,'2022-10-06 12:19:58','2022-10-06 12:19:58'),
	(190,0.0000,22,13,1,3,'2022-10-06 12:19:58','2022-10-06 12:19:58'),
	(191,0.0000,91,1,1,2,'2022-10-06 12:19:58','2022-10-06 12:19:58'),
	(192,0.0000,67,37,1,2,'2022-10-06 12:19:58','2022-10-06 12:19:58'),
	(193,0.0000,20,6,1,3,'2022-10-06 12:19:58','2022-10-06 12:19:58'),
	(194,0.0000,91,4,1,2,'2022-10-06 12:19:58','2022-10-06 12:19:58'),
	(195,0.0000,46,72,1,1,'2022-10-06 12:19:58','2022-10-06 12:19:58'),
	(196,0.0000,18,13,1,3,'2022-10-06 12:19:58','2022-10-06 12:19:58'),
	(197,0.0000,79,3,1,2,'2022-10-06 12:19:58','2022-10-06 12:19:58'),
	(198,0.0000,6,37,1,1,'2022-10-06 12:19:58','2022-10-06 12:19:58'),
	(199,0.0000,48,8,1,2,'2022-10-06 12:19:58','2022-10-06 12:19:58'),
	(200,0.0000,34,56,1,3,'2022-10-06 12:19:58','2022-10-06 12:19:58'),
	(201,0.0000,11,6,1,1,'2022-10-06 12:19:58','2022-10-06 12:19:58'),
	(202,0.0000,25,66,1,1,'2022-10-06 12:19:58','2022-10-06 12:19:58'),
	(203,0.0000,68,24,1,3,'2022-10-06 12:19:58','2022-10-06 12:19:58'),
	(204,0.0000,24,22,1,2,'2022-10-06 12:19:58','2022-10-06 12:19:58'),
	(205,0.0000,75,24,1,2,'2022-10-06 12:19:58','2022-10-06 12:19:58'),
	(206,0.0000,43,53,1,3,'2022-10-06 12:19:58','2022-10-06 12:19:58'),
	(207,0.0000,24,9,1,3,'2022-10-06 12:19:58','2022-10-06 12:19:58'),
	(208,0.0000,94,75,1,1,'2022-10-06 12:19:58','2022-10-06 12:19:58'),
	(209,0.0000,15,79,1,2,'2022-10-06 12:19:58','2022-10-06 12:19:58'),
	(210,0.0000,55,39,1,1,'2022-10-06 12:19:58','2022-10-06 12:19:58'),
	(211,0.0000,56,62,1,3,'2022-10-06 12:19:58','2022-10-06 12:19:58'),
	(212,0.0000,70,19,1,1,'2022-10-06 12:19:58','2022-10-06 12:19:58'),
	(213,0.0000,24,19,1,2,'2022-10-06 12:19:58','2022-10-06 12:19:58'),
	(214,0.0000,58,80,1,3,'2022-10-06 12:19:58','2022-10-06 12:19:58'),
	(215,0.0000,61,34,1,2,'2022-10-06 12:19:58','2022-10-06 12:19:58'),
	(216,0.0000,26,87,1,2,'2022-10-06 12:19:58','2022-10-06 12:19:58'),
	(217,0.0000,29,75,1,2,'2022-10-06 12:19:58','2022-10-06 12:19:58'),
	(218,0.0000,78,9,1,2,'2022-10-06 12:19:58','2022-10-06 12:19:58'),
	(219,0.0000,30,66,1,2,'2022-10-06 12:19:58','2022-10-06 12:19:58'),
	(220,0.0000,29,31,1,1,'2022-10-06 12:19:58','2022-10-06 12:19:58'),
	(221,0.0000,40,53,1,2,'2022-10-06 12:19:58','2022-10-06 12:19:58'),
	(222,0.0000,51,91,1,3,'2022-10-06 12:19:58','2022-10-06 12:19:58'),
	(223,0.0000,18,62,1,3,'2022-10-06 12:19:58','2022-10-06 12:19:58'),
	(224,0.0000,92,91,1,1,'2022-10-06 12:19:58','2022-10-06 12:19:58'),
	(225,0.0000,20,71,1,1,'2022-10-06 12:19:58','2022-10-06 12:19:58'),
	(226,0.0000,84,27,1,1,'2022-10-06 12:19:58','2022-10-06 12:19:58'),
	(227,0.0000,80,74,1,1,'2022-10-06 12:19:58','2022-10-06 12:19:58'),
	(228,0.0000,89,56,1,1,'2022-10-06 12:19:58','2022-10-06 12:19:58'),
	(229,0.0000,17,89,1,3,'2022-10-06 12:19:58','2022-10-06 12:19:58'),
	(230,0.0000,81,40,1,3,'2022-10-06 12:19:58','2022-10-06 12:19:58'),
	(231,0.0000,42,13,1,3,'2022-10-06 12:19:58','2022-10-06 12:19:58'),
	(232,0.0000,79,79,1,3,'2022-10-06 12:19:58','2022-10-06 12:19:58'),
	(233,0.0000,3,48,1,3,'2022-10-06 12:19:58','2022-10-06 12:19:58'),
	(234,0.0000,8,45,1,3,'2022-10-06 12:19:58','2022-10-06 12:19:58'),
	(235,0.0000,24,30,1,2,'2022-10-06 12:19:58','2022-10-06 12:19:58'),
	(236,0.0000,43,31,1,1,'2022-10-06 12:19:58','2022-10-06 12:19:58'),
	(237,0.0000,30,68,1,2,'2022-10-06 12:19:58','2022-10-06 12:19:58'),
	(238,0.0000,46,72,1,1,'2022-10-06 12:19:58','2022-10-06 12:19:58'),
	(239,0.0000,73,76,1,1,'2022-10-06 12:19:58','2022-10-06 12:19:58'),
	(240,0.0000,83,57,1,3,'2022-10-06 12:19:58','2022-10-06 12:19:58'),
	(241,0.0000,64,74,1,3,'2022-10-06 12:19:58','2022-10-06 12:19:58'),
	(242,0.0000,18,15,1,2,'2022-10-06 12:19:58','2022-10-06 12:19:58'),
	(243,0.0000,49,91,1,2,'2022-10-06 12:19:58','2022-10-06 12:19:58'),
	(244,0.0000,8,40,1,1,'2022-10-06 12:19:58','2022-10-06 12:19:58'),
	(245,0.0000,79,17,1,2,'2022-10-06 12:19:58','2022-10-06 12:19:58'),
	(246,0.0000,77,36,1,2,'2022-10-06 12:19:58','2022-10-06 12:19:58'),
	(247,0.0000,3,46,1,2,'2022-10-06 12:19:58','2022-10-06 12:19:58'),
	(248,0.0000,15,31,1,3,'2022-10-06 12:19:58','2022-10-06 12:19:58'),
	(249,0.0000,82,81,1,1,'2022-10-06 12:19:58','2022-10-06 12:19:58'),
	(250,0.0000,86,58,1,2,'2022-10-06 12:19:58','2022-10-06 12:19:58'),
	(251,0.0000,87,60,1,2,'2022-10-06 12:19:58','2022-10-06 12:19:58'),
	(252,0.0000,83,69,1,3,'2022-10-06 12:19:58','2022-10-06 12:19:58'),
	(253,0.0000,10,53,1,2,'2022-10-06 12:19:58','2022-10-06 12:19:58'),
	(254,0.0000,3,6,1,3,'2022-10-06 12:19:58','2022-10-06 12:19:58'),
	(255,0.0000,34,36,1,3,'2022-10-06 12:19:58','2022-10-06 12:19:58'),
	(256,0.0000,59,51,1,3,'2022-10-06 12:19:58','2022-10-06 12:19:58'),
	(257,0.0000,7,94,1,3,'2022-10-06 12:19:58','2022-10-06 12:19:58'),
	(258,0.0000,66,92,1,3,'2022-10-06 12:19:58','2022-10-06 12:19:58'),
	(259,0.0000,2,13,1,2,'2022-10-06 12:19:58','2022-10-06 12:19:58'),
	(260,0.0000,53,22,1,2,'2022-10-06 12:19:58','2022-10-06 12:19:58'),
	(261,0.0000,85,84,1,3,'2022-10-06 12:19:58','2022-10-06 12:19:58'),
	(262,0.0000,52,62,1,3,'2022-10-06 12:19:58','2022-10-06 12:19:58'),
	(263,0.0000,56,29,1,3,'2022-10-06 12:19:58','2022-10-06 12:19:58'),
	(264,0.0000,28,10,1,2,'2022-10-06 12:19:58','2022-10-06 12:19:58'),
	(265,0.0000,91,76,1,2,'2022-10-06 12:19:58','2022-10-06 12:19:58'),
	(266,0.0000,72,62,1,2,'2022-10-06 12:19:58','2022-10-06 12:19:58'),
	(267,0.0000,83,18,1,3,'2022-10-06 12:19:58','2022-10-06 12:19:58'),
	(268,0.0000,56,49,1,3,'2022-10-06 12:19:58','2022-10-06 12:19:58'),
	(269,0.0000,14,9,1,1,'2022-10-06 12:19:58','2022-10-06 12:19:58'),
	(270,0.0000,38,51,1,1,'2022-10-06 12:19:58','2022-10-06 12:19:58'),
	(271,0.0000,83,75,1,2,'2022-10-06 12:19:58','2022-10-06 12:19:58'),
	(272,0.0000,56,20,1,2,'2022-10-06 12:19:58','2022-10-06 12:19:58'),
	(273,0.0000,72,60,1,3,'2022-10-06 12:19:58','2022-10-06 12:19:58'),
	(274,0.0000,19,88,1,3,'2022-10-06 12:19:58','2022-10-06 12:19:58'),
	(275,0.0000,30,83,1,2,'2022-10-06 12:19:58','2022-10-06 12:19:58'),
	(276,0.0000,53,43,1,3,'2022-10-06 12:19:58','2022-10-06 12:19:58'),
	(277,0.0000,78,24,1,2,'2022-10-06 12:19:58','2022-10-06 12:19:58'),
	(278,0.0000,78,74,1,2,'2022-10-06 12:19:58','2022-10-06 12:19:58'),
	(279,0.0000,88,86,1,3,'2022-10-06 12:19:58','2022-10-06 12:19:58'),
	(280,0.0000,6,13,1,2,'2022-10-06 12:19:58','2022-10-06 12:19:58'),
	(281,0.0000,29,13,1,3,'2022-10-06 12:19:58','2022-10-06 12:19:58'),
	(282,0.0000,27,80,1,1,'2022-10-06 12:19:58','2022-10-06 12:19:58'),
	(283,0.0000,80,44,1,2,'2022-10-06 12:19:58','2022-10-06 12:19:58'),
	(284,0.0000,53,23,1,2,'2022-10-06 12:19:58','2022-10-06 12:19:58'),
	(285,0.0000,64,31,1,3,'2022-10-06 12:19:58','2022-10-06 12:19:58'),
	(286,0.0000,63,69,1,1,'2022-10-06 12:19:58','2022-10-06 12:19:58'),
	(287,0.0000,32,52,1,2,'2022-10-06 12:19:58','2022-10-06 12:19:58'),
	(288,0.0000,8,52,1,1,'2022-10-06 12:19:58','2022-10-06 12:19:58'),
	(289,0.0000,61,23,1,3,'2022-10-06 12:19:58','2022-10-06 12:19:58'),
	(290,0.0000,2,89,1,2,'2022-10-06 12:19:58','2022-10-06 12:19:58'),
	(291,0.0000,61,30,1,1,'2022-10-06 12:19:58','2022-10-06 12:19:58'),
	(292,0.0000,14,38,1,2,'2022-10-06 12:19:58','2022-10-06 12:19:58'),
	(293,0.0000,37,3,1,1,'2022-10-06 12:19:58','2022-10-06 12:19:58'),
	(294,0.0000,24,41,1,2,'2022-10-06 12:19:58','2022-10-06 12:19:58'),
	(295,0.0000,23,90,1,3,'2022-10-06 12:19:58','2022-10-06 12:19:58'),
	(296,0.0000,25,94,1,3,'2022-10-06 12:19:58','2022-10-06 12:19:58'),
	(297,0.0000,21,44,1,1,'2022-10-06 12:19:58','2022-10-06 12:19:58'),
	(298,0.0000,84,92,1,2,'2022-10-06 12:19:58','2022-10-06 12:19:58'),
	(299,0.0000,45,44,1,2,'2022-10-06 12:19:58','2022-10-06 12:19:58'),
	(300,0.0000,27,61,1,3,'2022-10-06 12:19:58','2022-10-06 12:19:58'),
	(301,0.0000,36,60,1,1,'2022-10-06 12:19:58','2022-10-06 12:19:58'),
	(302,0.0000,51,88,1,2,'2022-10-06 12:19:58','2022-10-06 12:19:58'),
	(303,0.0000,4,59,1,1,'2022-10-06 12:19:58','2022-10-06 12:19:58'),
	(304,0.0000,68,16,1,3,'2022-10-06 12:19:58','2022-10-06 12:19:58'),
	(305,0.0000,9,31,1,2,'2022-10-06 12:19:58','2022-10-06 12:19:58'),
	(306,0.0000,67,51,1,3,'2022-10-06 12:19:58','2022-10-06 12:19:58'),
	(307,0.0000,37,27,1,1,'2022-10-06 12:19:58','2022-10-06 12:19:58'),
	(308,0.0000,4,49,1,1,'2022-10-06 12:19:58','2022-10-06 12:19:58'),
	(309,0.0000,92,18,1,2,'2022-10-06 12:19:58','2022-10-06 12:19:58'),
	(310,0.0000,65,92,1,2,'2022-10-06 12:19:58','2022-10-06 12:19:58'),
	(311,0.0000,57,45,1,1,'2022-10-06 12:19:58','2022-10-06 12:19:58'),
	(312,0.0000,77,7,1,2,'2022-10-06 12:19:58','2022-10-06 12:19:58'),
	(313,0.0000,58,18,1,3,'2022-10-06 12:19:58','2022-10-06 12:19:58'),
	(314,0.0000,5,75,1,3,'2022-10-06 12:19:58','2022-10-06 12:19:58'),
	(315,0.0000,94,13,1,1,'2022-10-06 12:19:58','2022-10-06 12:19:58'),
	(316,0.0000,43,73,1,1,'2022-10-06 12:19:58','2022-10-06 12:19:58'),
	(317,0.0000,83,61,1,3,'2022-10-06 12:19:58','2022-10-06 12:19:58'),
	(318,0.0000,29,68,1,3,'2022-10-06 12:19:58','2022-10-06 12:19:58'),
	(319,0.0000,26,79,1,1,'2022-10-06 12:19:58','2022-10-06 12:19:58'),
	(320,0.0000,71,66,1,1,'2022-10-06 12:19:58','2022-10-06 12:19:58'),
	(321,0.0000,75,23,1,3,'2022-10-06 12:19:58','2022-10-06 12:19:58'),
	(322,0.0000,64,83,1,1,'2022-10-06 12:19:58','2022-10-06 12:19:58'),
	(323,0.0000,8,42,1,3,'2022-10-06 12:19:58','2022-10-06 12:19:58'),
	(324,0.0000,13,26,1,2,'2022-10-06 12:19:58','2022-10-06 12:19:58'),
	(325,0.0000,27,82,1,1,'2022-10-06 12:19:58','2022-10-06 12:19:58'),
	(326,0.0000,49,10,1,2,'2022-10-06 12:19:58','2022-10-06 12:19:58'),
	(327,0.0000,61,44,1,3,'2022-10-06 12:19:58','2022-10-06 12:19:58'),
	(328,0.0000,55,71,1,1,'2022-10-06 12:19:58','2022-10-06 12:19:58'),
	(329,0.0000,40,59,1,2,'2022-10-06 12:19:58','2022-10-06 12:19:58'),
	(330,0.0000,54,50,1,1,'2022-10-06 12:19:58','2022-10-06 12:19:58'),
	(331,0.0000,55,74,1,1,'2022-10-06 12:19:58','2022-10-06 12:19:58'),
	(332,0.0000,2,89,1,3,'2022-10-06 12:19:58','2022-10-06 12:19:58'),
	(333,0.0000,89,7,1,3,'2022-10-06 12:19:58','2022-10-06 12:19:58'),
	(334,0.0000,33,26,1,1,'2022-10-06 12:19:58','2022-10-06 12:19:58'),
	(335,0.0000,17,39,1,2,'2022-10-06 12:19:58','2022-10-06 12:19:58'),
	(336,0.0000,41,78,1,3,'2022-10-06 12:19:58','2022-10-06 12:19:58'),
	(337,0.0000,77,17,1,2,'2022-10-06 12:19:58','2022-10-06 12:19:58'),
	(338,0.0000,82,61,1,3,'2022-10-06 12:19:58','2022-10-06 12:19:58'),
	(339,0.0000,34,30,1,3,'2022-10-06 12:19:58','2022-10-06 12:19:58'),
	(340,0.0000,70,44,1,3,'2022-10-06 12:19:58','2022-10-06 12:19:58'),
	(341,0.0000,20,76,1,1,'2022-10-06 12:19:58','2022-10-06 12:19:58'),
	(342,0.0000,70,39,1,3,'2022-10-06 12:19:58','2022-10-06 12:19:58'),
	(343,0.0000,41,50,1,2,'2022-10-06 12:19:58','2022-10-06 12:19:58'),
	(344,0.0000,47,4,1,2,'2022-10-06 12:19:58','2022-10-06 12:19:58'),
	(345,0.0000,90,91,1,3,'2022-10-06 12:19:58','2022-10-06 12:19:58'),
	(346,0.0000,58,71,1,3,'2022-10-06 12:19:58','2022-10-06 12:19:58'),
	(347,0.0000,26,51,1,2,'2022-10-06 12:19:58','2022-10-06 12:19:58'),
	(348,0.0000,50,54,1,3,'2022-10-06 12:19:58','2022-10-06 12:19:58'),
	(349,0.0000,16,56,1,3,'2022-10-06 12:19:58','2022-10-06 12:19:58'),
	(350,0.0000,57,54,1,3,'2022-10-06 12:19:58','2022-10-06 12:19:58'),
	(351,0.0000,50,51,1,1,'2022-10-06 12:19:58','2022-10-06 12:19:58'),
	(352,0.0000,3,28,1,3,'2022-10-06 12:19:58','2022-10-06 12:19:58'),
	(353,0.0000,90,78,1,3,'2022-10-06 12:19:58','2022-10-06 12:19:58'),
	(354,0.0000,21,15,1,3,'2022-10-06 12:19:58','2022-10-06 12:19:58'),
	(355,0.0000,90,17,1,3,'2022-10-06 12:19:58','2022-10-06 12:19:58'),
	(356,0.0000,35,47,1,2,'2022-10-06 12:19:58','2022-10-06 12:19:58'),
	(357,0.0000,40,1,1,2,'2022-10-06 12:19:58','2022-10-06 12:19:58'),
	(358,0.0000,87,37,1,3,'2022-10-06 12:19:58','2022-10-06 12:19:58'),
	(359,0.0000,50,53,1,2,'2022-10-06 12:19:58','2022-10-06 12:19:58'),
	(360,0.0000,15,77,1,1,'2022-10-06 12:19:58','2022-10-06 12:19:58'),
	(361,0.0000,76,75,1,2,'2022-10-06 12:19:58','2022-10-06 12:19:58'),
	(362,0.0000,17,80,1,2,'2022-10-06 12:19:58','2022-10-06 12:19:58'),
	(363,0.0000,76,30,1,3,'2022-10-06 12:19:58','2022-10-06 12:19:58'),
	(364,0.0000,79,50,1,1,'2022-10-06 12:19:58','2022-10-06 12:19:58'),
	(365,0.0000,82,31,1,3,'2022-10-06 12:19:58','2022-10-06 12:19:58'),
	(366,0.0000,41,94,1,2,'2022-10-06 12:19:58','2022-10-06 12:19:58'),
	(367,0.0000,90,35,1,1,'2022-10-06 12:19:58','2022-10-06 12:19:58'),
	(368,0.0000,33,42,1,2,'2022-10-06 12:19:58','2022-10-06 12:19:58'),
	(369,0.0000,80,32,1,1,'2022-10-06 12:19:58','2022-10-06 12:19:58'),
	(370,0.0000,10,20,1,2,'2022-10-06 12:19:58','2022-10-06 12:19:58'),
	(371,0.0000,45,46,1,2,'2022-10-06 12:19:58','2022-10-06 12:19:58'),
	(372,0.0000,51,38,1,2,'2022-10-06 12:19:58','2022-10-06 12:19:58'),
	(373,0.0000,41,38,1,3,'2022-10-06 12:19:58','2022-10-06 12:19:58'),
	(374,0.0000,24,67,1,2,'2022-10-06 12:19:58','2022-10-06 12:19:58'),
	(375,0.0000,22,41,1,1,'2022-10-06 12:19:58','2022-10-06 12:19:58'),
	(376,0.0000,50,43,1,3,'2022-10-06 12:19:58','2022-10-06 12:19:58'),
	(377,0.0000,79,2,1,1,'2022-10-06 12:19:58','2022-10-06 12:19:58'),
	(378,0.0000,49,76,1,1,'2022-10-06 12:19:58','2022-10-06 12:19:58'),
	(379,0.0000,21,78,1,3,'2022-10-06 12:19:58','2022-10-06 12:19:58'),
	(380,0.0000,91,58,1,3,'2022-10-06 12:19:58','2022-10-06 12:19:58'),
	(381,0.0000,85,69,1,1,'2022-10-06 12:19:58','2022-10-06 12:19:58'),
	(382,0.0000,61,38,1,2,'2022-10-06 12:19:58','2022-10-06 12:19:58'),
	(383,0.0000,71,43,1,1,'2022-10-06 12:19:58','2022-10-06 12:19:58'),
	(384,0.0000,94,51,1,2,'2022-10-06 12:19:58','2022-10-06 12:19:58'),
	(385,0.0000,25,49,1,2,'2022-10-06 12:19:58','2022-10-06 12:19:58'),
	(386,0.0000,50,92,1,3,'2022-10-06 12:19:58','2022-10-06 12:19:58'),
	(387,0.0000,79,35,1,2,'2022-10-06 12:19:58','2022-10-06 12:19:58'),
	(388,0.0000,11,79,1,3,'2022-10-06 12:19:58','2022-10-06 12:19:58'),
	(389,0.0000,87,90,1,3,'2022-10-06 12:19:58','2022-10-06 12:19:58'),
	(390,0.0000,60,34,1,2,'2022-10-06 12:19:58','2022-10-06 12:19:58'),
	(391,0.0000,79,56,1,3,'2022-10-06 12:19:58','2022-10-06 12:19:58'),
	(392,0.0000,33,71,1,1,'2022-10-06 12:19:58','2022-10-06 12:19:58'),
	(393,0.0000,4,80,1,2,'2022-10-06 12:19:58','2022-10-06 12:19:58'),
	(394,0.0000,29,87,1,2,'2022-10-06 12:19:58','2022-10-06 12:19:58'),
	(395,0.0000,71,50,1,3,'2022-10-06 12:19:58','2022-10-06 12:19:58'),
	(396,0.0000,37,72,1,3,'2022-10-06 12:19:58','2022-10-06 12:19:58'),
	(397,0.0000,44,22,1,1,'2022-10-06 12:19:58','2022-10-06 12:19:58'),
	(398,0.0000,34,69,1,2,'2022-10-06 12:19:58','2022-10-06 12:19:58'),
	(399,0.0000,70,13,1,2,'2022-10-06 12:19:58','2022-10-06 12:19:58'),
	(400,0.0000,46,50,1,3,'2022-10-06 12:19:58','2022-10-06 12:19:58'),
	(401,0.0000,5,51,1,1,'2022-10-06 12:19:58','2022-10-06 12:19:58'),
	(402,0.0000,11,27,1,2,'2022-10-06 12:19:58','2022-10-06 12:19:58'),
	(403,0.0000,27,42,1,3,'2022-10-06 12:19:58','2022-10-06 12:19:58'),
	(404,0.0000,54,36,1,3,'2022-10-06 12:19:58','2022-10-06 12:19:58'),
	(405,0.0000,84,89,1,3,'2022-10-06 12:19:58','2022-10-06 12:19:58'),
	(406,0.0000,83,57,1,3,'2022-10-06 12:19:58','2022-10-06 12:19:58'),
	(407,0.0000,31,68,1,1,'2022-10-06 12:19:58','2022-10-06 12:19:58'),
	(408,0.0000,50,93,1,1,'2022-10-06 12:19:58','2022-10-06 12:19:58'),
	(409,0.0000,4,31,1,3,'2022-10-06 12:19:58','2022-10-06 12:19:58'),
	(410,0.0000,55,88,1,1,'2022-10-06 12:19:58','2022-10-06 12:19:58'),
	(411,0.0000,75,62,1,2,'2022-10-06 12:19:58','2022-10-06 12:19:58'),
	(412,0.0000,88,13,1,3,'2022-10-06 12:19:58','2022-10-06 12:19:58'),
	(413,0.0000,74,25,1,2,'2022-10-06 12:19:58','2022-10-06 12:19:58'),
	(414,0.0000,64,62,1,3,'2022-10-06 12:19:58','2022-10-06 12:19:58'),
	(415,0.0000,71,90,1,3,'2022-10-06 12:19:58','2022-10-06 12:19:58'),
	(416,0.0000,53,15,1,2,'2022-10-06 12:19:58','2022-10-06 12:19:58'),
	(417,0.0000,72,44,1,3,'2022-10-06 12:19:58','2022-10-06 12:19:58'),
	(418,0.0000,80,71,1,1,'2022-10-06 12:19:58','2022-10-06 12:19:58'),
	(419,0.0000,49,10,1,3,'2022-10-06 12:19:58','2022-10-06 12:19:58'),
	(420,0.0000,73,79,1,1,'2022-10-06 12:19:58','2022-10-06 12:19:58'),
	(421,0.0000,52,18,1,1,'2022-10-06 12:19:58','2022-10-06 12:19:58'),
	(422,0.0000,27,11,1,2,'2022-10-06 12:19:58','2022-10-06 12:19:58'),
	(423,0.0000,64,1,1,1,'2022-10-06 12:19:58','2022-10-06 12:19:58'),
	(424,0.0000,8,94,1,2,'2022-10-06 12:19:58','2022-10-06 12:19:58'),
	(425,0.0000,15,90,1,1,'2022-10-06 12:19:58','2022-10-06 12:19:58'),
	(426,0.0000,22,2,1,3,'2022-10-06 12:19:58','2022-10-06 12:19:58'),
	(427,0.0000,2,24,1,2,'2022-10-06 12:19:58','2022-10-06 12:19:58'),
	(428,0.0000,52,2,1,3,'2022-10-06 12:19:58','2022-10-06 12:19:58'),
	(429,0.0000,88,43,1,3,'2022-10-06 12:19:58','2022-10-06 12:19:58'),
	(430,0.0000,81,67,1,3,'2022-10-06 12:19:58','2022-10-06 12:19:58'),
	(431,0.0000,79,42,1,3,'2022-10-06 12:19:58','2022-10-06 12:19:58'),
	(432,0.0000,66,2,1,1,'2022-10-06 12:19:58','2022-10-06 12:19:58'),
	(433,0.0000,94,78,1,3,'2022-10-06 12:19:58','2022-10-06 12:19:58'),
	(434,0.0000,92,12,1,1,'2022-10-06 12:19:58','2022-10-06 12:19:58'),
	(435,0.0000,57,43,1,1,'2022-10-06 12:19:58','2022-10-06 12:19:58'),
	(436,0.0000,50,63,1,3,'2022-10-06 12:19:58','2022-10-06 12:19:58'),
	(437,0.0000,17,91,1,3,'2022-10-06 12:19:58','2022-10-06 12:19:58'),
	(438,0.0000,7,79,1,3,'2022-10-06 12:19:58','2022-10-06 12:19:58'),
	(439,0.0000,55,7,1,2,'2022-10-06 12:19:58','2022-10-06 12:19:58'),
	(440,0.0000,2,4,1,3,'2022-10-06 12:19:58','2022-10-06 12:19:58'),
	(441,0.0000,81,39,1,3,'2022-10-06 12:19:58','2022-10-06 12:19:58'),
	(442,0.0000,23,85,1,2,'2022-10-06 12:19:58','2022-10-06 12:19:58'),
	(443,0.0000,81,30,1,1,'2022-10-06 12:19:58','2022-10-06 12:19:58'),
	(444,0.0000,19,4,1,2,'2022-10-06 12:19:58','2022-10-06 12:19:58'),
	(445,0.0000,37,40,1,2,'2022-10-06 12:19:58','2022-10-06 12:19:58'),
	(446,0.0000,9,12,1,1,'2022-10-06 12:19:58','2022-10-06 12:19:58'),
	(447,0.0000,46,51,1,2,'2022-10-06 12:19:58','2022-10-06 12:19:58'),
	(448,0.0000,62,31,1,3,'2022-10-06 12:19:58','2022-10-06 12:19:58'),
	(449,0.0000,58,79,1,1,'2022-10-06 12:19:58','2022-10-06 12:19:58'),
	(450,0.0000,12,80,1,3,'2022-10-06 12:19:58','2022-10-06 12:19:58'),
	(451,0.0000,29,1,1,3,'2022-10-06 12:19:58','2022-10-06 12:19:58'),
	(452,0.0000,70,67,1,1,'2022-10-06 12:19:58','2022-10-06 12:19:58'),
	(453,0.0000,57,59,1,2,'2022-10-06 12:19:58','2022-10-06 12:19:58'),
	(454,0.0000,26,37,1,1,'2022-10-06 12:19:58','2022-10-06 12:19:58'),
	(455,0.0000,15,87,1,1,'2022-10-06 12:19:58','2022-10-06 12:19:58'),
	(456,0.0000,57,91,1,2,'2022-10-06 12:19:58','2022-10-06 12:19:58'),
	(457,0.0000,88,79,1,1,'2022-10-06 12:19:58','2022-10-06 12:19:58'),
	(458,0.0000,40,12,1,3,'2022-10-06 12:19:58','2022-10-06 12:19:58'),
	(459,0.0000,47,26,1,2,'2022-10-06 12:19:58','2022-10-06 12:19:58'),
	(460,0.0000,29,36,1,1,'2022-10-06 12:19:58','2022-10-06 12:19:58'),
	(461,0.0000,23,62,1,2,'2022-10-06 12:19:58','2022-10-06 12:19:58'),
	(462,0.0000,77,90,1,3,'2022-10-06 12:19:58','2022-10-06 12:19:58'),
	(463,0.0000,61,50,1,1,'2022-10-06 12:19:58','2022-10-06 12:19:58'),
	(464,0.0000,27,45,1,3,'2022-10-06 12:19:58','2022-10-06 12:19:58'),
	(465,0.0000,39,69,1,2,'2022-10-06 12:19:58','2022-10-06 12:19:58'),
	(466,0.0000,84,1,1,1,'2022-10-06 12:19:58','2022-10-06 12:19:58'),
	(467,0.0000,36,31,1,1,'2022-10-06 12:19:58','2022-10-06 12:19:58'),
	(468,0.0000,79,81,1,2,'2022-10-06 12:19:58','2022-10-06 12:19:58'),
	(469,0.0000,56,26,1,1,'2022-10-06 12:19:58','2022-10-06 12:19:58'),
	(470,0.0000,57,87,1,3,'2022-10-06 12:19:58','2022-10-06 12:19:58'),
	(471,0.0000,39,22,1,1,'2022-10-06 12:19:58','2022-10-06 12:19:58'),
	(472,0.0000,46,62,1,2,'2022-10-06 12:19:58','2022-10-06 12:19:58'),
	(473,0.0000,80,88,1,3,'2022-10-06 12:19:58','2022-10-06 12:19:58'),
	(474,0.0000,39,11,1,1,'2022-10-06 12:19:58','2022-10-06 12:19:58'),
	(475,0.0000,19,69,1,1,'2022-10-06 12:19:58','2022-10-06 12:19:58'),
	(476,0.0000,18,37,1,1,'2022-10-06 12:19:58','2022-10-06 12:19:58'),
	(477,0.0000,16,94,1,3,'2022-10-06 12:19:58','2022-10-06 12:19:58'),
	(478,0.0000,79,82,1,2,'2022-10-06 12:19:58','2022-10-06 12:19:58'),
	(479,0.0000,59,15,1,2,'2022-10-06 12:19:58','2022-10-06 12:19:58'),
	(480,0.0000,34,15,1,3,'2022-10-06 12:19:58','2022-10-06 12:19:58'),
	(481,0.0000,23,84,1,1,'2022-10-06 12:19:58','2022-10-06 12:19:58'),
	(482,0.0000,11,15,1,2,'2022-10-06 12:19:58','2022-10-06 12:19:58'),
	(483,0.0000,14,9,1,3,'2022-10-06 12:19:58','2022-10-06 12:19:58'),
	(484,0.0000,36,69,1,3,'2022-10-06 12:19:58','2022-10-06 12:19:58'),
	(485,0.0000,48,26,1,1,'2022-10-06 12:19:58','2022-10-06 12:19:58'),
	(486,0.0000,70,16,1,1,'2022-10-06 12:19:58','2022-10-06 12:19:58'),
	(487,0.0000,43,54,1,3,'2022-10-06 12:19:58','2022-10-06 12:19:58'),
	(488,0.0000,87,12,1,1,'2022-10-06 12:19:58','2022-10-06 12:19:58'),
	(489,0.0000,32,11,1,2,'2022-10-06 12:19:58','2022-10-06 12:19:58'),
	(490,0.0000,74,31,1,3,'2022-10-06 12:19:58','2022-10-06 12:19:58'),
	(491,0.0000,2,43,1,2,'2022-10-06 12:19:58','2022-10-06 12:19:58'),
	(492,0.0000,18,11,1,2,'2022-10-06 12:19:58','2022-10-06 12:19:58'),
	(493,0.0000,70,73,1,1,'2022-10-06 12:19:58','2022-10-06 12:19:58'),
	(494,0.0000,65,85,1,2,'2022-10-06 12:19:58','2022-10-06 12:19:58'),
	(495,0.0000,47,6,1,3,'2022-10-06 12:19:58','2022-10-06 12:19:58'),
	(496,0.0000,59,89,1,2,'2022-10-06 12:19:58','2022-10-06 12:19:58'),
	(497,0.0000,11,30,1,2,'2022-10-06 12:19:58','2022-10-06 12:19:58'),
	(498,0.0000,44,28,1,3,'2022-10-06 12:19:58','2022-10-06 12:19:58'),
	(499,0.0000,50,58,1,2,'2022-10-06 12:19:58','2022-10-06 12:19:58'),
	(500,0.0000,92,51,1,3,'2022-10-06 12:19:58','2022-10-06 12:19:58'),
	(501,0.0000,40,51,1,2,'2022-10-06 12:19:58','2022-10-06 12:19:58');

/*!40000 ALTER TABLE `directions` ENABLE KEYS */;
UNLOCK TABLES;


# Дамп таблицы exchangers
# ------------------------------------------------------------

DROP TABLE IF EXISTS `exchangers`;

CREATE TABLE `exchangers` (
  `id` bigint unsigned NOT NULL AUTO_INCREMENT,
  `name` varchar(255) COLLATE utf8mb4_unicode_ci NOT NULL,
  `url` varchar(255) COLLATE utf8mb4_unicode_ci NOT NULL,
  `created_at` timestamp NULL DEFAULT NULL,
  `updated_at` timestamp NULL DEFAULT NULL,
  PRIMARY KEY (`id`)
) ENGINE=InnoDB DEFAULT CHARSET=utf8mb4 COLLATE=utf8mb4_unicode_ci;



# Дамп таблицы failed_jobs
# ------------------------------------------------------------

DROP TABLE IF EXISTS `failed_jobs`;

CREATE TABLE `failed_jobs` (
  `id` bigint unsigned NOT NULL AUTO_INCREMENT,
  `uuid` varchar(255) COLLATE utf8mb4_unicode_ci NOT NULL,
  `connection` text COLLATE utf8mb4_unicode_ci NOT NULL,
  `queue` text COLLATE utf8mb4_unicode_ci NOT NULL,
  `payload` longtext COLLATE utf8mb4_unicode_ci NOT NULL,
  `exception` longtext COLLATE utf8mb4_unicode_ci NOT NULL,
  `failed_at` timestamp NOT NULL DEFAULT CURRENT_TIMESTAMP,
  PRIMARY KEY (`id`),
  UNIQUE KEY `failed_jobs_uuid_unique` (`uuid`)
) ENGINE=InnoDB DEFAULT CHARSET=utf8mb4 COLLATE=utf8mb4_unicode_ci;



# Дамп таблицы menu_items
# ------------------------------------------------------------

DROP TABLE IF EXISTS `menu_items`;

CREATE TABLE `menu_items` (
  `id` int unsigned NOT NULL AUTO_INCREMENT,
  `menu_id` int unsigned DEFAULT NULL,
  `title` varchar(255) COLLATE utf8mb4_unicode_ci NOT NULL,
  `url` varchar(255) COLLATE utf8mb4_unicode_ci NOT NULL,
  `target` varchar(255) COLLATE utf8mb4_unicode_ci NOT NULL DEFAULT '_self',
  `icon_class` varchar(255) COLLATE utf8mb4_unicode_ci DEFAULT NULL,
  `color` varchar(255) COLLATE utf8mb4_unicode_ci DEFAULT NULL,
  `parent_id` int DEFAULT NULL,
  `order` int NOT NULL,
  `created_at` timestamp NULL DEFAULT NULL,
  `updated_at` timestamp NULL DEFAULT NULL,
  `route` varchar(255) COLLATE utf8mb4_unicode_ci DEFAULT NULL,
  `parameters` text COLLATE utf8mb4_unicode_ci,
  PRIMARY KEY (`id`),
  KEY `menu_items_menu_id_foreign` (`menu_id`),
  CONSTRAINT `menu_items_menu_id_foreign` FOREIGN KEY (`menu_id`) REFERENCES `menus` (`id`) ON DELETE CASCADE
) ENGINE=InnoDB AUTO_INCREMENT=16 DEFAULT CHARSET=utf8mb4 COLLATE=utf8mb4_unicode_ci;

LOCK TABLES `menu_items` WRITE;
/*!40000 ALTER TABLE `menu_items` DISABLE KEYS */;

INSERT INTO `menu_items` (`id`, `menu_id`, `title`, `url`, `target`, `icon_class`, `color`, `parent_id`, `order`, `created_at`, `updated_at`, `route`, `parameters`)
VALUES
	(1,1,'Главная','','_self','voyager-boat',NULL,NULL,1,'2022-10-06 11:49:03','2022-10-06 11:49:03','voyager.dashboard',NULL),
	(3,1,'Пользователи','','_self','voyager-person',NULL,NULL,3,'2022-10-06 11:49:03','2022-10-06 11:49:03','voyager.users.index',NULL),
	(4,1,'Роли','','_self','voyager-lock',NULL,NULL,2,'2022-10-06 11:49:03','2022-10-06 11:49:03','voyager.roles.index',NULL),
	(6,1,'Menu Builder','','_self','voyager-list',NULL,5,10,'2022-10-06 11:49:03','2022-10-06 11:49:03','voyager.menus.index',NULL),
	(7,1,'Database','','_self','voyager-data',NULL,5,11,'2022-10-06 11:49:03','2022-10-06 11:49:03','voyager.database.index',NULL),
	(8,1,'Compass','','_self','voyager-compass',NULL,5,12,'2022-10-06 11:49:03','2022-10-06 11:49:03','voyager.compass.index',NULL),
	(9,1,'BREAD','','_self','voyager-bread',NULL,5,13,'2022-10-06 11:49:03','2022-10-06 11:49:03','voyager.bread.index',NULL),
	(10,1,'Settings','','_self','voyager-settings',NULL,NULL,14,'2022-10-06 11:49:03','2022-10-06 11:49:03','voyager.settings.index',NULL),
	(11,1,'Валюты','','_self','voyager-pie-chart',NULL,NULL,15,'2022-10-06 11:53:38','2022-10-06 11:53:38','voyager.currencies.index',NULL),
	(12,1,'Направления','','_self','voyager-boat',NULL,NULL,16,'2022-10-06 11:58:16','2022-10-06 11:58:16','voyager.directions.index',NULL),
	(13,1,'Обменники','','_self','voyager-photos',NULL,NULL,17,'2022-10-06 11:59:24','2022-10-06 11:59:24','voyager.exchangers.index',NULL),
	(14,1,'Оценки','','_self','voyager-basket',NULL,NULL,18,'2022-10-06 12:00:35','2022-10-06 12:00:35','voyager.rates.index',NULL),
	(15,1,'Отзывы','','_self','voyager-group',NULL,NULL,19,'2022-10-06 12:07:53','2022-10-06 12:07:53','voyager.reviews.index',NULL);

/*!40000 ALTER TABLE `menu_items` ENABLE KEYS */;
UNLOCK TABLES;


# Дамп таблицы menus
# ------------------------------------------------------------

DROP TABLE IF EXISTS `menus`;

CREATE TABLE `menus` (
  `id` int unsigned NOT NULL AUTO_INCREMENT,
  `name` varchar(255) COLLATE utf8mb4_unicode_ci NOT NULL,
  `created_at` timestamp NULL DEFAULT NULL,
  `updated_at` timestamp NULL DEFAULT NULL,
  PRIMARY KEY (`id`),
  UNIQUE KEY `menus_name_unique` (`name`)
) ENGINE=InnoDB AUTO_INCREMENT=2 DEFAULT CHARSET=utf8mb4 COLLATE=utf8mb4_unicode_ci;

LOCK TABLES `menus` WRITE;
/*!40000 ALTER TABLE `menus` DISABLE KEYS */;

INSERT INTO `menus` (`id`, `name`, `created_at`, `updated_at`)
VALUES
	(1,'admin','2022-10-06 11:49:03','2022-10-06 11:49:03');

/*!40000 ALTER TABLE `menus` ENABLE KEYS */;
UNLOCK TABLES;


# Дамп таблицы migrations
# ------------------------------------------------------------

DROP TABLE IF EXISTS `migrations`;

CREATE TABLE `migrations` (
  `id` int unsigned NOT NULL AUTO_INCREMENT,
  `migration` varchar(255) COLLATE utf8mb4_unicode_ci NOT NULL,
  `batch` int NOT NULL,
  PRIMARY KEY (`id`)
) ENGINE=InnoDB AUTO_INCREMENT=29 DEFAULT CHARSET=utf8mb4 COLLATE=utf8mb4_unicode_ci;

LOCK TABLES `migrations` WRITE;
/*!40000 ALTER TABLE `migrations` DISABLE KEYS */;

INSERT INTO `migrations` (`id`, `migration`, `batch`)
VALUES
	(1,'2014_10_12_000000_create_users_table',1),
	(2,'2014_10_12_100000_create_password_resets_table',1),
	(3,'2016_01_01_000000_add_voyager_user_fields',1),
	(4,'2016_01_01_000000_create_data_types_table',1),
	(5,'2016_05_19_173453_create_menu_table',1),
	(6,'2016_10_21_190000_create_roles_table',1),
	(7,'2016_10_21_190000_create_settings_table',1),
	(8,'2016_11_30_135954_create_permission_table',1),
	(9,'2016_11_30_141208_create_permission_role_table',1),
	(10,'2016_12_26_201236_data_types__add__server_side',1),
	(11,'2017_01_13_000000_add_route_to_menu_items_table',1),
	(12,'2017_01_14_005015_create_translations_table',1),
	(13,'2017_01_15_000000_make_table_name_nullable_in_permissions_table',1),
	(14,'2017_03_06_000000_add_controller_to_data_types_table',1),
	(15,'2017_04_21_000000_add_order_to_data_rows_table',1),
	(16,'2017_07_05_210000_add_policyname_to_data_types_table',1),
	(17,'2017_08_05_000000_add_group_to_settings_table',1),
	(18,'2017_11_26_013050_add_user_role_relationship',1),
	(19,'2017_11_26_015000_create_user_roles_table',1),
	(20,'2018_03_11_000000_add_user_settings',1),
	(21,'2018_03_14_000000_add_details_to_data_types_table',1),
	(22,'2018_03_16_000000_make_settings_value_nullable',1),
	(23,'2019_08_19_000000_create_failed_jobs_table',1),
	(24,'2019_12_14_000001_create_personal_access_tokens_table',1),
	(25,'2022_09_19_185433_create_currencies_table',2),
	(26,'2022_09_19_185544_create_exchangers_table',2),
	(27,'2022_09_19_185557_create_directions_table',2),
	(28,'2022_09_29_121423_create_rates_table',2);

/*!40000 ALTER TABLE `migrations` ENABLE KEYS */;
UNLOCK TABLES;


# Дамп таблицы password_resets
# ------------------------------------------------------------

DROP TABLE IF EXISTS `password_resets`;

CREATE TABLE `password_resets` (
  `email` varchar(255) COLLATE utf8mb4_unicode_ci NOT NULL,
  `token` varchar(255) COLLATE utf8mb4_unicode_ci NOT NULL,
  `created_at` timestamp NULL DEFAULT NULL,
  KEY `password_resets_email_index` (`email`)
) ENGINE=InnoDB DEFAULT CHARSET=utf8mb4 COLLATE=utf8mb4_unicode_ci;



# Дамп таблицы permission_role
# ------------------------------------------------------------

DROP TABLE IF EXISTS `permission_role`;

CREATE TABLE `permission_role` (
  `permission_id` bigint unsigned NOT NULL,
  `role_id` bigint unsigned NOT NULL,
  PRIMARY KEY (`permission_id`,`role_id`),
  KEY `permission_role_permission_id_index` (`permission_id`),
  KEY `permission_role_role_id_index` (`role_id`),
  CONSTRAINT `permission_role_permission_id_foreign` FOREIGN KEY (`permission_id`) REFERENCES `permissions` (`id`) ON DELETE CASCADE,
  CONSTRAINT `permission_role_role_id_foreign` FOREIGN KEY (`role_id`) REFERENCES `roles` (`id`) ON DELETE CASCADE
) ENGINE=InnoDB DEFAULT CHARSET=utf8mb4 COLLATE=utf8mb4_unicode_ci;

LOCK TABLES `permission_role` WRITE;
/*!40000 ALTER TABLE `permission_role` DISABLE KEYS */;

INSERT INTO `permission_role` (`permission_id`, `role_id`)
VALUES
	(1,1),
	(2,1),
	(3,1),
	(4,1),
	(5,1),
	(6,1),
	(7,1),
	(8,1),
	(9,1),
	(10,1),
	(11,1),
	(12,1),
	(13,1),
	(14,1),
	(15,1),
	(16,1),
	(17,1),
	(18,1),
	(19,1),
	(20,1),
	(21,1),
	(22,1),
	(23,1),
	(24,1),
	(25,1),
	(26,1),
	(27,1),
	(28,1),
	(29,1),
	(30,1),
	(31,1),
	(32,1),
	(33,1),
	(34,1),
	(35,1),
	(36,1),
	(37,1),
	(38,1),
	(39,1),
	(40,1),
	(41,1),
	(42,1),
	(43,1),
	(44,1),
	(45,1),
	(46,1),
	(47,1),
	(48,1),
	(49,1),
	(50,1);

/*!40000 ALTER TABLE `permission_role` ENABLE KEYS */;
UNLOCK TABLES;


# Дамп таблицы permissions
# ------------------------------------------------------------

DROP TABLE IF EXISTS `permissions`;

CREATE TABLE `permissions` (
  `id` bigint unsigned NOT NULL AUTO_INCREMENT,
  `key` varchar(255) COLLATE utf8mb4_unicode_ci NOT NULL,
  `table_name` varchar(255) CHARACTER SET utf8mb4 COLLATE utf8mb4_unicode_ci DEFAULT NULL,
  `created_at` timestamp NULL DEFAULT NULL,
  `updated_at` timestamp NULL DEFAULT NULL,
  PRIMARY KEY (`id`),
  KEY `permissions_key_index` (`key`)
) ENGINE=InnoDB AUTO_INCREMENT=51 DEFAULT CHARSET=utf8mb4 COLLATE=utf8mb4_unicode_ci;

LOCK TABLES `permissions` WRITE;
/*!40000 ALTER TABLE `permissions` DISABLE KEYS */;

INSERT INTO `permissions` (`id`, `key`, `table_name`, `created_at`, `updated_at`)
VALUES
	(1,'browse_admin',NULL,'2022-10-06 11:49:03','2022-10-06 11:49:03'),
	(2,'browse_bread',NULL,'2022-10-06 11:49:03','2022-10-06 11:49:03'),
	(3,'browse_database',NULL,'2022-10-06 11:49:03','2022-10-06 11:49:03'),
	(4,'browse_media',NULL,'2022-10-06 11:49:03','2022-10-06 11:49:03'),
	(5,'browse_compass',NULL,'2022-10-06 11:49:03','2022-10-06 11:49:03'),
	(6,'browse_menus','menus','2022-10-06 11:49:03','2022-10-06 11:49:03'),
	(7,'read_menus','menus','2022-10-06 11:49:03','2022-10-06 11:49:03'),
	(8,'edit_menus','menus','2022-10-06 11:49:03','2022-10-06 11:49:03'),
	(9,'add_menus','menus','2022-10-06 11:49:03','2022-10-06 11:49:03'),
	(10,'delete_menus','menus','2022-10-06 11:49:03','2022-10-06 11:49:03'),
	(11,'browse_roles','roles','2022-10-06 11:49:03','2022-10-06 11:49:03'),
	(12,'read_roles','roles','2022-10-06 11:49:03','2022-10-06 11:49:03'),
	(13,'edit_roles','roles','2022-10-06 11:49:03','2022-10-06 11:49:03'),
	(14,'add_roles','roles','2022-10-06 11:49:03','2022-10-06 11:49:03'),
	(15,'delete_roles','roles','2022-10-06 11:49:03','2022-10-06 11:49:03'),
	(16,'browse_users','users','2022-10-06 11:49:03','2022-10-06 11:49:03'),
	(17,'read_users','users','2022-10-06 11:49:03','2022-10-06 11:49:03'),
	(18,'edit_users','users','2022-10-06 11:49:03','2022-10-06 11:49:03'),
	(19,'add_users','users','2022-10-06 11:49:03','2022-10-06 11:49:03'),
	(20,'delete_users','users','2022-10-06 11:49:03','2022-10-06 11:49:03'),
	(21,'browse_settings','settings','2022-10-06 11:49:03','2022-10-06 11:49:03'),
	(22,'read_settings','settings','2022-10-06 11:49:03','2022-10-06 11:49:03'),
	(23,'edit_settings','settings','2022-10-06 11:49:03','2022-10-06 11:49:03'),
	(24,'add_settings','settings','2022-10-06 11:49:03','2022-10-06 11:49:03'),
	(25,'delete_settings','settings','2022-10-06 11:49:03','2022-10-06 11:49:03'),
	(26,'browse_currencies','currencies','2022-10-06 11:53:38','2022-10-06 11:53:38'),
	(27,'read_currencies','currencies','2022-10-06 11:53:38','2022-10-06 11:53:38'),
	(28,'edit_currencies','currencies','2022-10-06 11:53:38','2022-10-06 11:53:38'),
	(29,'add_currencies','currencies','2022-10-06 11:53:38','2022-10-06 11:53:38'),
	(30,'delete_currencies','currencies','2022-10-06 11:53:38','2022-10-06 11:53:38'),
	(31,'browse_directions','directions','2022-10-06 11:58:16','2022-10-06 11:58:16'),
	(32,'read_directions','directions','2022-10-06 11:58:16','2022-10-06 11:58:16'),
	(33,'edit_directions','directions','2022-10-06 11:58:16','2022-10-06 11:58:16'),
	(34,'add_directions','directions','2022-10-06 11:58:16','2022-10-06 11:58:16'),
	(35,'delete_directions','directions','2022-10-06 11:58:16','2022-10-06 11:58:16'),
	(36,'browse_exchangers','exchangers','2022-10-06 11:59:24','2022-10-06 11:59:24'),
	(37,'read_exchangers','exchangers','2022-10-06 11:59:24','2022-10-06 11:59:24'),
	(38,'edit_exchangers','exchangers','2022-10-06 11:59:24','2022-10-06 11:59:24'),
	(39,'add_exchangers','exchangers','2022-10-06 11:59:24','2022-10-06 11:59:24'),
	(40,'delete_exchangers','exchangers','2022-10-06 11:59:24','2022-10-06 11:59:24'),
	(41,'browse_rates','rates','2022-10-06 12:00:35','2022-10-06 12:00:35'),
	(42,'read_rates','rates','2022-10-06 12:00:35','2022-10-06 12:00:35'),
	(43,'edit_rates','rates','2022-10-06 12:00:35','2022-10-06 12:00:35'),
	(44,'add_rates','rates','2022-10-06 12:00:35','2022-10-06 12:00:35'),
	(45,'delete_rates','rates','2022-10-06 12:00:35','2022-10-06 12:00:35'),
	(46,'browse_reviews','reviews','2022-10-06 12:07:53','2022-10-06 12:07:53'),
	(47,'read_reviews','reviews','2022-10-06 12:07:53','2022-10-06 12:07:53'),
	(48,'edit_reviews','reviews','2022-10-06 12:07:53','2022-10-06 12:07:53'),
	(49,'add_reviews','reviews','2022-10-06 12:07:53','2022-10-06 12:07:53'),
	(50,'delete_reviews','reviews','2022-10-06 12:07:53','2022-10-06 12:07:53');

/*!40000 ALTER TABLE `permissions` ENABLE KEYS */;
UNLOCK TABLES;


# Дамп таблицы personal_access_tokens
# ------------------------------------------------------------

DROP TABLE IF EXISTS `personal_access_tokens`;

CREATE TABLE `personal_access_tokens` (
  `id` bigint unsigned NOT NULL AUTO_INCREMENT,
  `tokenable_type` varchar(255) COLLATE utf8mb4_unicode_ci NOT NULL,
  `tokenable_id` bigint unsigned NOT NULL,
  `name` varchar(255) COLLATE utf8mb4_unicode_ci NOT NULL,
  `token` varchar(64) COLLATE utf8mb4_unicode_ci NOT NULL,
  `abilities` text COLLATE utf8mb4_unicode_ci,
  `last_used_at` timestamp NULL DEFAULT NULL,
  `created_at` timestamp NULL DEFAULT NULL,
  `updated_at` timestamp NULL DEFAULT NULL,
  PRIMARY KEY (`id`),
  UNIQUE KEY `personal_access_tokens_token_unique` (`token`),
  KEY `personal_access_tokens_tokenable_type_tokenable_id_index` (`tokenable_type`,`tokenable_id`)
) ENGINE=InnoDB DEFAULT CHARSET=utf8mb4 COLLATE=utf8mb4_unicode_ci;



# Дамп таблицы rates
# ------------------------------------------------------------

DROP TABLE IF EXISTS `rates`;

CREATE TABLE `rates` (
  `id` bigint unsigned NOT NULL AUTO_INCREMENT,
  `direction_id` int NOT NULL,
  `rate` double(8,4) NOT NULL,
  `created_at` timestamp NULL DEFAULT NULL,
  `updated_at` timestamp NULL DEFAULT NULL,
  PRIMARY KEY (`id`),
  KEY `rates_direction_id_index` (`direction_id`)
) ENGINE=InnoDB DEFAULT CHARSET=utf8mb4 COLLATE=utf8mb4_unicode_ci;



# Дамп таблицы reviews
# ------------------------------------------------------------

DROP TABLE IF EXISTS `reviews`;

CREATE TABLE `reviews` (
  `id` int unsigned NOT NULL AUTO_INCREMENT,
  `created_at` timestamp NULL DEFAULT NULL,
  `updated_at` timestamp NULL DEFAULT NULL,
  `name` varchar(255) COLLATE utf8mb4_unicode_ci DEFAULT NULL,
  `rate` float DEFAULT NULL,
  `text` longtext COLLATE utf8mb4_unicode_ci,
  PRIMARY KEY (`id`)
) ENGINE=InnoDB DEFAULT CHARSET=utf8mb4 COLLATE=utf8mb4_unicode_ci;



# Дамп таблицы roles
# ------------------------------------------------------------

DROP TABLE IF EXISTS `roles`;

CREATE TABLE `roles` (
  `id` bigint unsigned NOT NULL AUTO_INCREMENT,
  `name` varchar(255) COLLATE utf8mb4_unicode_ci NOT NULL,
  `display_name` varchar(255) COLLATE utf8mb4_unicode_ci NOT NULL,
  `created_at` timestamp NULL DEFAULT NULL,
  `updated_at` timestamp NULL DEFAULT NULL,
  PRIMARY KEY (`id`),
  UNIQUE KEY `roles_name_unique` (`name`)
) ENGINE=InnoDB AUTO_INCREMENT=3 DEFAULT CHARSET=utf8mb4 COLLATE=utf8mb4_unicode_ci;

LOCK TABLES `roles` WRITE;
/*!40000 ALTER TABLE `roles` DISABLE KEYS */;

INSERT INTO `roles` (`id`, `name`, `display_name`, `created_at`, `updated_at`)
VALUES
	(1,'admin','Administrator','2022-10-06 11:49:03','2022-10-06 11:49:03'),
	(2,'user','Normal User','2022-10-06 11:49:03','2022-10-06 11:49:03');

/*!40000 ALTER TABLE `roles` ENABLE KEYS */;
UNLOCK TABLES;


# Дамп таблицы settings
# ------------------------------------------------------------

DROP TABLE IF EXISTS `settings`;

CREATE TABLE `settings` (
  `id` int unsigned NOT NULL AUTO_INCREMENT,
  `key` varchar(255) COLLATE utf8mb4_unicode_ci NOT NULL,
  `display_name` varchar(255) COLLATE utf8mb4_unicode_ci NOT NULL,
  `value` text CHARACTER SET utf8mb4 COLLATE utf8mb4_unicode_ci,
  `details` text COLLATE utf8mb4_unicode_ci,
  `type` varchar(255) COLLATE utf8mb4_unicode_ci NOT NULL,
  `order` int NOT NULL DEFAULT '1',
  `group` varchar(255) COLLATE utf8mb4_unicode_ci DEFAULT NULL,
  PRIMARY KEY (`id`),
  UNIQUE KEY `settings_key_unique` (`key`)
) ENGINE=InnoDB DEFAULT CHARSET=utf8mb4 COLLATE=utf8mb4_unicode_ci;



# Дамп таблицы translations
# ------------------------------------------------------------

DROP TABLE IF EXISTS `translations`;

CREATE TABLE `translations` (
  `id` int unsigned NOT NULL AUTO_INCREMENT,
  `table_name` varchar(255) COLLATE utf8mb4_unicode_ci NOT NULL,
  `column_name` varchar(255) COLLATE utf8mb4_unicode_ci NOT NULL,
  `foreign_key` int unsigned NOT NULL,
  `locale` varchar(255) COLLATE utf8mb4_unicode_ci NOT NULL,
  `value` text COLLATE utf8mb4_unicode_ci NOT NULL,
  `created_at` timestamp NULL DEFAULT NULL,
  `updated_at` timestamp NULL DEFAULT NULL,
  PRIMARY KEY (`id`),
  UNIQUE KEY `translations_table_name_column_name_foreign_key_locale_unique` (`table_name`,`column_name`,`foreign_key`,`locale`)
) ENGINE=InnoDB DEFAULT CHARSET=utf8mb4 COLLATE=utf8mb4_unicode_ci;



# Дамп таблицы user_roles
# ------------------------------------------------------------

DROP TABLE IF EXISTS `user_roles`;

CREATE TABLE `user_roles` (
  `user_id` bigint unsigned NOT NULL,
  `role_id` bigint unsigned NOT NULL,
  PRIMARY KEY (`user_id`,`role_id`),
  KEY `user_roles_user_id_index` (`user_id`),
  KEY `user_roles_role_id_index` (`role_id`),
  CONSTRAINT `user_roles_role_id_foreign` FOREIGN KEY (`role_id`) REFERENCES `roles` (`id`) ON DELETE CASCADE,
  CONSTRAINT `user_roles_user_id_foreign` FOREIGN KEY (`user_id`) REFERENCES `users` (`id`) ON DELETE CASCADE
) ENGINE=InnoDB DEFAULT CHARSET=utf8mb4 COLLATE=utf8mb4_unicode_ci;



# Дамп таблицы users
# ------------------------------------------------------------

DROP TABLE IF EXISTS `users`;

CREATE TABLE `users` (
  `id` bigint unsigned NOT NULL AUTO_INCREMENT,
  `role_id` bigint unsigned DEFAULT NULL,
  `name` varchar(255) COLLATE utf8mb4_unicode_ci NOT NULL,
  `email` varchar(255) COLLATE utf8mb4_unicode_ci NOT NULL,
  `avatar` varchar(255) COLLATE utf8mb4_unicode_ci DEFAULT 'users/default.png',
  `email_verified_at` timestamp NULL DEFAULT NULL,
  `password` varchar(255) COLLATE utf8mb4_unicode_ci NOT NULL,
  `remember_token` varchar(100) COLLATE utf8mb4_unicode_ci DEFAULT NULL,
  `settings` text COLLATE utf8mb4_unicode_ci,
  `created_at` timestamp NULL DEFAULT NULL,
  `updated_at` timestamp NULL DEFAULT NULL,
  PRIMARY KEY (`id`),
  UNIQUE KEY `users_email_unique` (`email`),
  KEY `users_role_id_foreign` (`role_id`),
  CONSTRAINT `users_role_id_foreign` FOREIGN KEY (`role_id`) REFERENCES `roles` (`id`)
) ENGINE=InnoDB AUTO_INCREMENT=2 DEFAULT CHARSET=utf8mb4 COLLATE=utf8mb4_unicode_ci;

LOCK TABLES `users` WRITE;
/*!40000 ALTER TABLE `users` DISABLE KEYS */;

INSERT INTO `users` (`id`, `role_id`, `name`, `email`, `avatar`, `email_verified_at`, `password`, `remember_token`, `settings`, `created_at`, `updated_at`)
VALUES
	(1,1,'Admin','admin@admin.com','users/default.png',NULL,'$2y$10$ts0Pi1ShcOq5o5GGlvm0G.1jaRT7M35NyJOfwYpKQvI2X/46kKg9u',NULL,NULL,'2022-10-06 11:49:51','2022-10-06 11:49:51');

/*!40000 ALTER TABLE `users` ENABLE KEYS */;
UNLOCK TABLES;



/*!40111 SET SQL_NOTES=@OLD_SQL_NOTES */;
/*!40101 SET SQL_MODE=@OLD_SQL_MODE */;
/*!40014 SET FOREIGN_KEY_CHECKS=@OLD_FOREIGN_KEY_CHECKS */;
/*!40101 SET CHARACTER_SET_CLIENT=@OLD_CHARACTER_SET_CLIENT */;
/*!40101 SET CHARACTER_SET_RESULTS=@OLD_CHARACTER_SET_RESULTS */;
/*!40101 SET COLLATION_CONNECTION=@OLD_COLLATION_CONNECTION */;
